Haul ID,Line,Stratum,Species,Length,Flag
2f78cc50-fcde-4ff8-a034-6233957af58b,1,6,1,M048,0,
2f78cc50-fcde-4ff8-a034-6233957af58b,2,6,1,F069,0,
2f78cc50-fcde-4ff8-a034-6233957af58b,3,6,1,M069,0,
2f78cc50-fcde-4ff8-a034-6233957af58b,4,6,1,F064,0,
2f78cc50-fcde-4ff8-a034-6233957af58b,5,6,1,F063,0,
2f78cc50-fcde-4ff8-a034-6233957af58b,6,6,1,M052,0,
2f78cc50-fcde-4ff8-a034-6233957af58b,7,6,1,F073,0,
2f78cc50-fcde-4ff8-a034-6233957af58b,8,6,1,M066,0,
2f78cc50-fcde-4ff8-a034-6233957af58b,9,6,1,M058,0,
2f78cc50-fcde-4ff8-a034-6233957af58b,10,6,1,M059,0,
2f78cc50-fcde-4ff8-a034-6233957af58b,11,6,3,F022,0,
2f78cc50-fcde-4ff8-a034-6233957af58b,12,6,1,M071,0,
2f78cc50-fcde-4ff8-a034-6233957af58b,13,6,1,F060,0,
2f78cc50-fcde-4ff8-a034-6233957af58b,14,6,1,M063,0,
2f78cc50-fcde-4ff8-a034-6233957af58b,15,6,1,M058,0,
2f78cc50-fcde-4ff8-a034-6233957af58b,16,6,1,F077,0,
2f78cc50-fcde-4ff8-a034-6233957af58b,17,6,1,M061,0,
2f78cc50-fcde-4ff8-a034-6233957af58b,18,6,1,M066,0,
2f78cc50-fcde-4ff8-a034-6233957af58b,19,6,1,F068,0,
2f78cc50-fcde-4ff8-a034-6233957af58b,20,6,1,F064,0,
2f78cc50-fcde-4ff8-a034-6233957af58b,21,6,1,F053,0,
2f78cc50-fcde-4ff8-a034-6233957af58b,22,6,3,F031,0,
2f78cc50-fcde-4ff8-a034-6233957af58b,23,6,1,M063,0,
2f78cc50-fcde-4ff8-a034-6233957af58b,24,6,1,M063,0,
2f78cc50-fcde-4ff8-a034-6233957af58b,25,6,1,M047,0,
2f78cc50-fcde-4ff8-a034-6233957af58b,26,6,1,F062,0,
2f78cc50-fcde-4ff8-a034-6233957af58b,27,6,1,M059,0,
2f78cc50-fcde-4ff8-a034-6233957af58b,28,6,1,M058,0,
2f78cc50-fcde-4ff8-a034-6233957af58b,29,6,1,F071,0,
2f78cc50-fcde-4ff8-a034-6233957af58b,30,6,1,M080,0,
2f78cc50-fcde-4ff8-a034-6233957af58b,31,6,1,M063,0,
2f78cc50-fcde-4ff8-a034-6233957af58b,32,6,1,M061,0,
2f78cc50-fcde-4ff8-a034-6233957af58b,33,6,1,M058,0,
2f78cc50-fcde-4ff8-a034-6233957af58b,34,6,1,M057,0,
2f78cc50-fcde-4ff8-a034-6233957af58b,35,6,1,M060,0,
2f78cc50-fcde-4ff8-a034-6233957af58b,36,6,1,M055,0,
2f78cc50-fcde-4ff8-a034-6233957af58b,37,6,1,M058,0,
2f78cc50-fcde-4ff8-a034-6233957af58b,38,6,1,M055,0,
2f78cc50-fcde-4ff8-a034-6233957af58b,39,6,1,M067,0,
2f78cc50-fcde-4ff8-a034-6233957af58b,40,6,1,M046,0,
2f78cc50-fcde-4ff8-a034-6233957af58b,41,6,1,F064,0,
2f78cc50-fcde-4ff8-a034-6233957af58b,42,6,1,M062,0,
2f78cc50-fcde-4ff8-a034-6233957af58b,43,6,1,M057,0,
2f78cc50-fcde-4ff8-a034-6233957af58b,44,6,1,M060,0,
2f78cc50-fcde-4ff8-a034-6233957af58b,45,6,1,M056,0,
2f78cc50-fcde-4ff8-a034-6233957af58b,46,6,1,M059,0,
2f78cc50-fcde-4ff8-a034-6233957af58b,47,6,1,M058,0,
2f78cc50-fcde-4ff8-a034-6233957af58b,48,6,1,M060,0,
2f78cc50-fcde-4ff8-a034-6233957af58b,49,6,1,M061,0,
2f78cc50-fcde-4ff8-a034-6233957af58b,50,6,1,M065,0,
2f78cc50-fcde-4ff8-a034-6233957af58b,51,6,1,F067,0,
2f78cc50-fcde-4ff8-a034-6233957af58b,52,6,1,M064,0,
2f78cc50-fcde-4ff8-a034-6233957af58b,53,6,1,M060,0,
2f78cc50-fcde-4ff8-a034-6233957af58b,54,6,1,M057,0,
2f78cc50-fcde-4ff8-a034-6233957af58b,55,6,1,M056,0,
2f78cc50-fcde-4ff8-a034-6233957af58b,56,6,1,M058,0,
2f78cc50-fcde-4ff8-a034-6233957af58b,57,6,1,F051,0,
2f78cc50-fcde-4ff8-a034-6233957af58b,58,6,1,F066,0,
2f78cc50-fcde-4ff8-a034-6233957af58b,59,6,1,F080,0,
2f78cc50-fcde-4ff8-a034-6233957af58b,60,6,1,F064,0,
2f78cc50-fcde-4ff8-a034-6233957af58b,61,6,1,M059,0,
2f78cc50-fcde-4ff8-a034-6233957af58b,62,6,1,M061,0,
2f78cc50-fcde-4ff8-a034-6233957af58b,63,6,1,M061,0,
2f78cc50-fcde-4ff8-a034-6233957af58b,64,6,1,M059,0,
2f78cc50-fcde-4ff8-a034-6233957af58b,65,6,1,M061,0,
2f78cc50-fcde-4ff8-a034-6233957af58b,66,6,1,M062,0,
2f78cc50-fcde-4ff8-a034-6233957af58b,67,6,1,M061,0,
2f78cc50-fcde-4ff8-a034-6233957af58b,68,6,1,M060,0,
2f78cc50-fcde-4ff8-a034-6233957af58b,69,6,1,M059,0,
2f78cc50-fcde-4ff8-a034-6233957af58b,70,6,1,M057,0,
2f78cc50-fcde-4ff8-a034-6233957af58b,71,6,1,M068,0,
2f78cc50-fcde-4ff8-a034-6233957af58b,72,6,1,M066,0,
2f78cc50-fcde-4ff8-a034-6233957af58b,73,6,1,F062,0,
2f78cc50-fcde-4ff8-a034-6233957af58b,74,6,1,F066,0,
2f78cc50-fcde-4ff8-a034-6233957af58b,75,6,1,M060,0,
2f78cc50-fcde-4ff8-a034-6233957af58b,76,6,1,M058,0,
2f78cc50-fcde-4ff8-a034-6233957af58b,77,6,1,F069,0,
2f78cc50-fcde-4ff8-a034-6233957af58b,78,6,1,M064,0,
2f78cc50-fcde-4ff8-a034-6233957af58b,79,6,1,F063,0,
2f78cc50-fcde-4ff8-a034-6233957af58b,80,6,1,F074,0,
2f78cc50-fcde-4ff8-a034-6233957af58b,81,6,1,M059,0,
2f78cc50-fcde-4ff8-a034-6233957af58b,82,6,1,M059,0,
2f78cc50-fcde-4ff8-a034-6233957af58b,83,6,1,F065,0,
2f78cc50-fcde-4ff8-a034-6233957af58b,84,6,1,F065,0,
2f78cc50-fcde-4ff8-a034-6233957af58b,85,6,1,F062,0,
2f78cc50-fcde-4ff8-a034-6233957af58b,86,6,1,M061,0,
2f78cc50-fcde-4ff8-a034-6233957af58b,87,6,1,F067,0,
2f78cc50-fcde-4ff8-a034-6233957af58b,88,6,1,M059,0,
2f78cc50-fcde-4ff8-a034-6233957af58b,89,6,1,F080,0,
2f78cc50-fcde-4ff8-a034-6233957af58b,90,6,1,M062,0,
2f78cc50-fcde-4ff8-a034-6233957af58b,91,6,1,F064,0,
2f78cc50-fcde-4ff8-a034-6233957af58b,92,6,1,M058,0,
2f78cc50-fcde-4ff8-a034-6233957af58b,93,6,1,F081,0,
2f78cc50-fcde-4ff8-a034-6233957af58b,94,6,1,M056,0,
2f78cc50-fcde-4ff8-a034-6233957af58b,95,6,1,M058,0,
2f78cc50-fcde-4ff8-a034-6233957af58b,96,6,1,F066,0,
2f78cc50-fcde-4ff8-a034-6233957af58b,97,6,1,M058,0,
2f78cc50-fcde-4ff8-a034-6233957af58b,98,6,1,M065,0,
2f78cc50-fcde-4ff8-a034-6233957af58b,99,6,1,M057,0,
2f78cc50-fcde-4ff8-a034-6233957af58b,100,6,1,F062,0,
2f78cc50-fcde-4ff8-a034-6233957af58b,101,6,1,F069,0,
2f78cc50-fcde-4ff8-a034-6233957af58b,102,6,1,M059,0,
2f78cc50-fcde-4ff8-a034-6233957af58b,103,6,1,M062,0,
2f78cc50-fcde-4ff8-a034-6233957af58b,104,6,1,M061,0,
2f78cc50-fcde-4ff8-a034-6233957af58b,105,6,1,F056,0,
2f78cc50-fcde-4ff8-a034-6233957af58b,106,6,1,F069,0,
2f78cc50-fcde-4ff8-a034-6233957af58b,107,6,1,M055,0,
2f78cc50-fcde-4ff8-a034-6233957af58b,108,6,1,F065,0,
2f78cc50-fcde-4ff8-a034-6233957af58b,109,6,1,M064,0,
2f78cc50-fcde-4ff8-a034-6233957af58b,110,6,1,F070,0,
2f78cc50-fcde-4ff8-a034-6233957af58b,111,6,1,M059,0,
2f78cc50-fcde-4ff8-a034-6233957af58b,112,6,1,M066,0,
2f78cc50-fcde-4ff8-a034-6233957af58b,113,6,1,F068,0,
2f78cc50-fcde-4ff8-a034-6233957af58b,114,6,1,F067,0,
2f78cc50-fcde-4ff8-a034-6233957af58b,115,6,1,M065,0,
2f78cc50-fcde-4ff8-a034-6233957af58b,116,6,1,M060,0,
2f78cc50-fcde-4ff8-a034-6233957af58b,117,6,1,M055,0,
2f78cc50-fcde-4ff8-a034-6233957af58b,118,6,1,F077,0,
2f78cc50-fcde-4ff8-a034-6233957af58b,119,6,1,M061,0,
2f78cc50-fcde-4ff8-a034-6233957af58b,120,6,1,M066,0,
2f78cc50-fcde-4ff8-a034-6233957af58b,121,6,1,M061,0,
2f78cc50-fcde-4ff8-a034-6233957af58b,122,6,1,F069,0,
2f78cc50-fcde-4ff8-a034-6233957af58b,123,6,1,M057,0,
2f78cc50-fcde-4ff8-a034-6233957af58b,124,6,1,M062,0,
2f78cc50-fcde-4ff8-a034-6233957af58b,125,6,1,M058,0,
2f78cc50-fcde-4ff8-a034-6233957af58b,126,6,1,M057,0,
2f78cc50-fcde-4ff8-a034-6233957af58b,127,6,1,M060,0,
2f78cc50-fcde-4ff8-a034-6233957af58b,128,6,1,F064,0,
2f78cc50-fcde-4ff8-a034-6233957af58b,129,6,1,M057,0,
2f78cc50-fcde-4ff8-a034-6233957af58b,130,6,1,F068,0,
2f78cc50-fcde-4ff8-a034-6233957af58b,131,6,1,F075,0,
2f78cc50-fcde-4ff8-a034-6233957af58b,132,6,1,M061,0,
2f78cc50-fcde-4ff8-a034-6233957af58b,133,6,1,F070,0,
2f78cc50-fcde-4ff8-a034-6233957af58b,134,6,1,M066,0,
2f78cc50-fcde-4ff8-a034-6233957af58b,135,6,1,F059,0,
2f78cc50-fcde-4ff8-a034-6233957af58b,136,6,1,M068,0,
2f78cc50-fcde-4ff8-a034-6233957af58b,137,6,1,F066,0,
2f78cc50-fcde-4ff8-a034-6233957af58b,138,6,1,M054,0,
2f78cc50-fcde-4ff8-a034-6233957af58b,139,6,1,M062,0,
2f78cc50-fcde-4ff8-a034-6233957af58b,140,6,1,M059,0,
2f78cc50-fcde-4ff8-a034-6233957af58b,141,6,1,M062,0,
2f78cc50-fcde-4ff8-a034-6233957af58b,142,6,1,M065,0,
2f78cc50-fcde-4ff8-a034-6233957af58b,143,6,1,M059,0,
2f78cc50-fcde-4ff8-a034-6233957af58b,144,6,1,F071,0,
2f78cc50-fcde-4ff8-a034-6233957af58b,145,6,1,F074,0,
2f78cc50-fcde-4ff8-a034-6233957af58b,146,6,1,M062,0,
2f78cc50-fcde-4ff8-a034-6233957af58b,147,6,1,M067,0,
2f78cc50-fcde-4ff8-a034-6233957af58b,148,6,1,F073,0,
2f78cc50-fcde-4ff8-a034-6233957af58b,149,6,1,M063,0,
2f78cc50-fcde-4ff8-a034-6233957af58b,150,6,1,M060,0,
2f78cc50-fcde-4ff8-a034-6233957af58b,151,6,1,F074,0,
2f78cc50-fcde-4ff8-a034-6233957af58b,152,6,1,M060,0,
2f78cc50-fcde-4ff8-a034-6233957af58b,153,6,1,M061,0,
2f78cc50-fcde-4ff8-a034-6233957af58b,154,6,1,F064,0,
2f78cc50-fcde-4ff8-a034-6233957af58b,155,6,1,M071,0,
2f78cc50-fcde-4ff8-a034-6233957af58b,156,6,1,F068,0,
2f78cc50-fcde-4ff8-a034-6233957af58b,157,6,1,F069,0,
2f78cc50-fcde-4ff8-a034-6233957af58b,158,6,1,F075,0,
2f78cc50-fcde-4ff8-a034-6233957af58b,159,6,1,M060,0,
2f78cc50-fcde-4ff8-a034-6233957af58b,160,6,1,F091,0,
2f78cc50-fcde-4ff8-a034-6233957af58b,161,6,1,M062,0,
2f78cc50-fcde-4ff8-a034-6233957af58b,162,6,1,M059,0,
2f78cc50-fcde-4ff8-a034-6233957af58b,163,6,1,M064,0,
2f78cc50-fcde-4ff8-a034-6233957af58b,164,6,1,M060,0,
2f78cc50-fcde-4ff8-a034-6233957af58b,165,6,1,M060,0,
2f78cc50-fcde-4ff8-a034-6233957af58b,166,6,1,F071,0,
2f78cc50-fcde-4ff8-a034-6233957af58b,167,6,1,F068,0,
2f78cc50-fcde-4ff8-a034-6233957af58b,168,6,1,M059,0,
2f78cc50-fcde-4ff8-a034-6233957af58b,169,6,1,F065,0,
2f78cc50-fcde-4ff8-a034-6233957af58b,170,6,1,M061,0,
2f78cc50-fcde-4ff8-a034-6233957af58b,171,6,1,M060,0,
2f78cc50-fcde-4ff8-a034-6233957af58b,172,6,1,F066,0,
2f78cc50-fcde-4ff8-a034-6233957af58b,173,6,1,F056,0,
2f78cc50-fcde-4ff8-a034-6233957af58b,174,6,1,F059,0,
2f78cc50-fcde-4ff8-a034-6233957af58b,175,6,1,F051,0,
2f78cc50-fcde-4ff8-a034-6233957af58b,176,6,1,M055,0,
2f78cc50-fcde-4ff8-a034-6233957af58b,177,6,1,F063,0,
2f78cc50-fcde-4ff8-a034-6233957af58b,178,6,1,M061,0,
2f78cc50-fcde-4ff8-a034-6233957af58b,179,6,1,M057,0,
2f78cc50-fcde-4ff8-a034-6233957af58b,180,6,1,M070,0,
2f78cc50-fcde-4ff8-a034-6233957af58b,181,6,1,M061,0,
2f78cc50-fcde-4ff8-a034-6233957af58b,182,6,1,M062,0,
2f78cc50-fcde-4ff8-a034-6233957af58b,183,6,1,F070,0,
2f78cc50-fcde-4ff8-a034-6233957af58b,184,6,1,F066,0,
2f78cc50-fcde-4ff8-a034-6233957af58b,185,6,1,M043,0,
2f78cc50-fcde-4ff8-a034-6233957af58b,186,6,1,M057,0,
2f78cc50-fcde-4ff8-a034-6233957af58b,187,6,1,M043,0,
2f78cc50-fcde-4ff8-a034-6233957af58b,188,6,1,F070,0,
2f78cc50-fcde-4ff8-a034-6233957af58b,189,6,1,M064,0,
2f78cc50-fcde-4ff8-a034-6233957af58b,190,6,1,M058,0,
2f78cc50-fcde-4ff8-a034-6233957af58b,191,6,1,F069,0,
2f78cc50-fcde-4ff8-a034-6233957af58b,192,6,1,M062,0,
2f78cc50-fcde-4ff8-a034-6233957af58b,193,6,1,M046,0,
2f78cc50-fcde-4ff8-a034-6233957af58b,194,6,1,M056,0,
2f78cc50-fcde-4ff8-a034-6233957af58b,195,6,1,M057,0,
2f78cc50-fcde-4ff8-a034-6233957af58b,196,6,1,M064,0,
2f78cc50-fcde-4ff8-a034-6233957af58b,197,6,1,M047,0,
2f78cc50-fcde-4ff8-a034-6233957af58b,198,6,1,F069,0,
2f78cc50-fcde-4ff8-a034-6233957af58b,199,6,1,F064,0,
2f78cc50-fcde-4ff8-a034-6233957af58b,200,6,1,M044,0,
2f78cc50-fcde-4ff8-a034-6233957af58b,201,6,1,M065,0,
2f78cc50-fcde-4ff8-a034-6233957af58b,202,6,1,M073,0,
2f78cc50-fcde-4ff8-a034-6233957af58b,203,6,1,M064,0,
2f78cc50-fcde-4ff8-a034-6233957af58b,204,6,1,M058,0,
2f78cc50-fcde-4ff8-a034-6233957af58b,205,6,1,M060,0,
2f78cc50-fcde-4ff8-a034-6233957af58b,206,6,1,F077,0,
2f78cc50-fcde-4ff8-a034-6233957af58b,207,6,1,M062,0,
2f78cc50-fcde-4ff8-a034-6233957af58b,208,6,1,M057,0,
2f78cc50-fcde-4ff8-a034-6233957af58b,209,6,1,F073,0,
2f78cc50-fcde-4ff8-a034-6233957af58b,210,6,1,M057,0,
2f78cc50-fcde-4ff8-a034-6233957af58b,211,6,1,M060,0,
2f78cc50-fcde-4ff8-a034-6233957af58b,212,6,1,F065,0,
2f78cc50-fcde-4ff8-a034-6233957af58b,213,6,1,F064,0,
2f78cc50-fcde-4ff8-a034-6233957af58b,214,6,1,M058,0,
2f78cc50-fcde-4ff8-a034-6233957af58b,215,6,1,F074,0,
2f78cc50-fcde-4ff8-a034-6233957af58b,216,6,1,M064,0,
2f78cc50-fcde-4ff8-a034-6233957af58b,217,6,1,M057,0,
2f78cc50-fcde-4ff8-a034-6233957af58b,218,6,1,M058,0,
2f78cc50-fcde-4ff8-a034-6233957af58b,219,6,1,M055,0,
2f78cc50-fcde-4ff8-a034-6233957af58b,220,6,1,F068,0,
2f78cc50-fcde-4ff8-a034-6233957af58b,221,6,1,M062,0,
2f78cc50-fcde-4ff8-a034-6233957af58b,222,6,1,F082,0,
2f78cc50-fcde-4ff8-a034-6233957af58b,223,6,3,F027,0,
2f78cc50-fcde-4ff8-a034-6233957af58b,224,6,1,M065,0,
2f78cc50-fcde-4ff8-a034-6233957af58b,225,6,1,F076,0,
2f78cc50-fcde-4ff8-a034-6233957af58b,226,6,1,M061,0,
2f78cc50-fcde-4ff8-a034-6233957af58b,227,6,1,M064,0,
2f78cc50-fcde-4ff8-a034-6233957af58b,228,6,1,F068,0,
2f78cc50-fcde-4ff8-a034-6233957af58b,229,6,1,M065,0,
2f78cc50-fcde-4ff8-a034-6233957af58b,230,6,1,M060,0,
2f78cc50-fcde-4ff8-a034-6233957af58b,231,6,1,F061,0,
2f78cc50-fcde-4ff8-a034-6233957af58b,232,6,1,M055,0,
2f78cc50-fcde-4ff8-a034-6233957af58b,233,6,1,M052,0,
2f78cc50-fcde-4ff8-a034-6233957af58b,234,6,1,M044,0,
2f78cc50-fcde-4ff8-a034-6233957af58b,235,6,1,M063,0,
2f78cc50-fcde-4ff8-a034-6233957af58b,236,6,1,M069,0,
2f78cc50-fcde-4ff8-a034-6233957af58b,237,6,1,M063,0,
2f78cc50-fcde-4ff8-a034-6233957af58b,238,6,1,M058,0,
2f78cc50-fcde-4ff8-a034-6233957af58b,239,6,1,M068,0,
2f78cc50-fcde-4ff8-a034-6233957af58b,240,6,1,M053,0,
2f78cc50-fcde-4ff8-a034-6233957af58b,241,6,1,F064,0,
2f78cc50-fcde-4ff8-a034-6233957af58b,242,6,1,F079,0,
2f78cc50-fcde-4ff8-a034-6233957af58b,243,6,1,M058,0,
2f78cc50-fcde-4ff8-a034-6233957af58b,244,6,1,M056,0,
2f78cc50-fcde-4ff8-a034-6233957af58b,245,6,1,M061,0,
2f78cc50-fcde-4ff8-a034-6233957af58b,246,6,1,M069,0,
2f78cc50-fcde-4ff8-a034-6233957af58b,247,6,1,F069,0,
2f78cc50-fcde-4ff8-a034-6233957af58b,248,6,1,F062,0,
2f78cc50-fcde-4ff8-a034-6233957af58b,249,6,1,F087,0,
2f78cc50-fcde-4ff8-a034-6233957af58b,250,6,1,F063,0,
2f78cc50-fcde-4ff8-a034-6233957af58b,251,6,1,M056,0,
2f78cc50-fcde-4ff8-a034-6233957af58b,252,6,1,F063,0,
2f78cc50-fcde-4ff8-a034-6233957af58b,253,6,1,M058,0,
2f78cc50-fcde-4ff8-a034-6233957af58b,254,6,1,M067,0,
2f78cc50-fcde-4ff8-a034-6233957af58b,255,6,1,F066,0,
2f78cc50-fcde-4ff8-a034-6233957af58b,256,6,1,M059,0,
2f78cc50-fcde-4ff8-a034-6233957af58b,257,6,1,M059,0,
2f78cc50-fcde-4ff8-a034-6233957af58b,258,6,1,F069,0,
2f78cc50-fcde-4ff8-a034-6233957af58b,259,6,1,M057,0,
2f78cc50-fcde-4ff8-a034-6233957af58b,260,6,1,M066,0,
2f78cc50-fcde-4ff8-a034-6233957af58b,261,6,1,M064,0,
2f78cc50-fcde-4ff8-a034-6233957af58b,262,6,1,F070,0,
2f78cc50-fcde-4ff8-a034-6233957af58b,263,6,1,F066,0,
2f78cc50-fcde-4ff8-a034-6233957af58b,264,6,1,F072,0,
2f78cc50-fcde-4ff8-a034-6233957af58b,265,6,1,F059,0,
2f78cc50-fcde-4ff8-a034-6233957af58b,266,6,1,M056,0,
2f78cc50-fcde-4ff8-a034-6233957af58b,267,6,1,F074,0,
2f78cc50-fcde-4ff8-a034-6233957af58b,268,6,1,M059,0,
2f78cc50-fcde-4ff8-a034-6233957af58b,269,6,1,M064,0,
2f78cc50-fcde-4ff8-a034-6233957af58b,270,6,1,M057,0,
2f78cc50-fcde-4ff8-a034-6233957af58b,271,6,1,F062,0,
2f78cc50-fcde-4ff8-a034-6233957af58b,272,6,1,F063,0,
2f78cc50-fcde-4ff8-a034-6233957af58b,273,6,1,F061,0,
2f78cc50-fcde-4ff8-a034-6233957af58b,274,6,5,M061,0,
2f78cc50-fcde-4ff8-a034-6233957af58b,275,6,1,F069,0,
2f78cc50-fcde-4ff8-a034-6233957af58b,276,6,1,F068,0,
2f78cc50-fcde-4ff8-a034-6233957af58b,277,6,1,M059,0,
2f78cc50-fcde-4ff8-a034-6233957af58b,278,6,1,M059,0,
2f78cc50-fcde-4ff8-a034-6233957af58b,279,6,1,F069,0,
2f78cc50-fcde-4ff8-a034-6233957af58b,280,6,1,F072,0,
2f78cc50-fcde-4ff8-a034-6233957af58b,281,6,1,F072,0,
2f78cc50-fcde-4ff8-a034-6233957af58b,282,6,1,M064,0,
2f78cc50-fcde-4ff8-a034-6233957af58b,283,6,1,M049,0,
2f78cc50-fcde-4ff8-a034-6233957af58b,284,6,1,F063,0,
2f78cc50-fcde-4ff8-a034-6233957af58b,285,6,1,F066,0,
2f78cc50-fcde-4ff8-a034-6233957af58b,286,6,1,F077,0,
2f78cc50-fcde-4ff8-a034-6233957af58b,287,6,1,M060,0,
2f78cc50-fcde-4ff8-a034-6233957af58b,288,6,1,F065,0,
2f78cc50-fcde-4ff8-a034-6233957af58b,289,6,1,M071,0,
2f78cc50-fcde-4ff8-a034-6233957af58b,290,6,1,F056,0,
2f78cc50-fcde-4ff8-a034-6233957af58b,291,6,1,M062,0,
2f78cc50-fcde-4ff8-a034-6233957af58b,292,6,1,M062,0,
2f78cc50-fcde-4ff8-a034-6233957af58b,293,6,1,F062,0,
2f78cc50-fcde-4ff8-a034-6233957af58b,294,6,1,M057,0,
2f78cc50-fcde-4ff8-a034-6233957af58b,295,6,1,F067,0,
2f78cc50-fcde-4ff8-a034-6233957af58b,296,6,1,M048,0,
2f78cc50-fcde-4ff8-a034-6233957af58b,297,6,1,F065,0,
2f78cc50-fcde-4ff8-a034-6233957af58b,298,6,1,M059,0,
2f78cc50-fcde-4ff8-a034-6233957af58b,299,6,1,M061,0,
2f78cc50-fcde-4ff8-a034-6233957af58b,300,6,1,M063,0,
2f78cc50-fcde-4ff8-a034-6233957af58b,301,6,1,M059,0,
2f78cc50-fcde-4ff8-a034-6233957af58b,302,6,1,M053,0,
2f78cc50-fcde-4ff8-a034-6233957af58b,303,6,1,F064,0,
2f78cc50-fcde-4ff8-a034-6233957af58b,304,6,1,F068,0,
2f78cc50-fcde-4ff8-a034-6233957af58b,305,6,1,F063,0,
2f78cc50-fcde-4ff8-a034-6233957af58b,306,6,1,F065,0,
2f78cc50-fcde-4ff8-a034-6233957af58b,307,6,1,F055,0,
2f78cc50-fcde-4ff8-a034-6233957af58b,308,6,1,M060,0,
2f78cc50-fcde-4ff8-a034-6233957af58b,309,6,1,M059,0,
2f78cc50-fcde-4ff8-a034-6233957af58b,310,6,1,M047,0,
2f78cc50-fcde-4ff8-a034-6233957af58b,311,6,1,M061,0,
2f78cc50-fcde-4ff8-a034-6233957af58b,312,6,1,M060,0,
2f78cc50-fcde-4ff8-a034-6233957af58b,313,6,1,F069,0,
2f78cc50-fcde-4ff8-a034-6233957af58b,314,6,1,M058,0,
2f78cc50-fcde-4ff8-a034-6233957af58b,315,6,1,M065,0,
2f78cc50-fcde-4ff8-a034-6233957af58b,316,6,1,M066,0,
2f78cc50-fcde-4ff8-a034-6233957af58b,317,6,1,F068,0,
2f78cc50-fcde-4ff8-a034-6233957af58b,318,6,1,F065,0,
2f78cc50-fcde-4ff8-a034-6233957af58b,319,6,1,M059,0,
2f78cc50-fcde-4ff8-a034-6233957af58b,320,6,1,F062,0,
2f78cc50-fcde-4ff8-a034-6233957af58b,321,6,1,M057,0,
2f78cc50-fcde-4ff8-a034-6233957af58b,322,6,1,M063,0,
2f78cc50-fcde-4ff8-a034-6233957af58b,323,6,1,M058,0,
2f78cc50-fcde-4ff8-a034-6233957af58b,324,6,1,M073,0,
2f78cc50-fcde-4ff8-a034-6233957af58b,325,6,1,F062,0,
2f78cc50-fcde-4ff8-a034-6233957af58b,326,6,1,M057,0,
2f78cc50-fcde-4ff8-a034-6233957af58b,327,6,1,F071,0,
2f78cc50-fcde-4ff8-a034-6233957af58b,328,6,1,M062,0,
2f78cc50-fcde-4ff8-a034-6233957af58b,329,6,1,M061,0,
2f78cc50-fcde-4ff8-a034-6233957af58b,330,6,1,F068,0,
2f78cc50-fcde-4ff8-a034-6233957af58b,331,6,1,M067,0,
2f78cc50-fcde-4ff8-a034-6233957af58b,332,6,1,M059,0,
2f78cc50-fcde-4ff8-a034-6233957af58b,333,6,1,M064,0,
2f78cc50-fcde-4ff8-a034-6233957af58b,334,6,1,M062,0,
2f78cc50-fcde-4ff8-a034-6233957af58b,335,6,1,F076,0,
2f78cc50-fcde-4ff8-a034-6233957af58b,336,6,1,F062,0,
2f78cc50-fcde-4ff8-a034-6233957af58b,337,6,1,F063,0,
2f78cc50-fcde-4ff8-a034-6233957af58b,338,6,1,F067,0,
2f78cc50-fcde-4ff8-a034-6233957af58b,339,6,12,M044,0,
2f78cc50-fcde-4ff8-a034-6233957af58b,340,6,1,M057,0,
2f78cc50-fcde-4ff8-a034-6233957af58b,341,6,1,M060,0,
2f78cc50-fcde-4ff8-a034-6233957af58b,342,6,1,M057,0,
2f78cc50-fcde-4ff8-a034-6233957af58b,343,6,1,M065,0,
2f78cc50-fcde-4ff8-a034-6233957af58b,344,6,1,M058,0,
2f78cc50-fcde-4ff8-a034-6233957af58b,345,6,1,M060,0,
2f78cc50-fcde-4ff8-a034-6233957af58b,346,6,1,F090,0,
2f78cc50-fcde-4ff8-a034-6233957af58b,347,6,1,M058,0,
2f78cc50-fcde-4ff8-a034-6233957af58b,348,6,1,M062,0,
2f78cc50-fcde-4ff8-a034-6233957af58b,349,6,1,M058,0,
2f78cc50-fcde-4ff8-a034-6233957af58b,350,6,1,M060,0,
2f78cc50-fcde-4ff8-a034-6233957af58b,351,6,1,M065,0,
2f78cc50-fcde-4ff8-a034-6233957af58b,352,6,1,M056,0,
2f78cc50-fcde-4ff8-a034-6233957af58b,353,6,1,M058,0,
2f78cc50-fcde-4ff8-a034-6233957af58b,354,6,1,M067,0,
2f78cc50-fcde-4ff8-a034-6233957af58b,355,6,1,F074,0,
2f78cc50-fcde-4ff8-a034-6233957af58b,356,6,1,M053,0,
2f78cc50-fcde-4ff8-a034-6233957af58b,357,6,1,M059,0,
2f78cc50-fcde-4ff8-a034-6233957af58b,358,6,1,F075,0,
2f78cc50-fcde-4ff8-a034-6233957af58b,359,6,1,M061,0,
2f78cc50-fcde-4ff8-a034-6233957af58b,360,6,1,M060,0,
2f78cc50-fcde-4ff8-a034-6233957af58b,361,6,1,M060,0,
2f78cc50-fcde-4ff8-a034-6233957af58b,362,6,1,F070,0,
2f78cc50-fcde-4ff8-a034-6233957af58b,363,6,1,M062,0,
2f78cc50-fcde-4ff8-a034-6233957af58b,364,6,1,M064,0,
2f78cc50-fcde-4ff8-a034-6233957af58b,365,6,1,M063,0,
2f78cc50-fcde-4ff8-a034-6233957af58b,366,6,1,M061,0,
2f78cc50-fcde-4ff8-a034-6233957af58b,367,6,1,M047,0,
2f78cc50-fcde-4ff8-a034-6233957af58b,368,6,1,M062,0,
2f78cc50-fcde-4ff8-a034-6233957af58b,369,6,1,M046,0,
2f78cc50-fcde-4ff8-a034-6233957af58b,370,6,1,F042,0,
2f78cc50-fcde-4ff8-a034-6233957af58b,371,6,1,F073,0,
2f78cc50-fcde-4ff8-a034-6233957af58b,372,6,1,M056,0,
2f78cc50-fcde-4ff8-a034-6233957af58b,373,6,1,M064,0,
2f78cc50-fcde-4ff8-a034-6233957af58b,374,6,1,M057,0,
2f78cc50-fcde-4ff8-a034-6233957af58b,375,6,1,F066,0,
2f78cc50-fcde-4ff8-a034-6233957af58b,376,6,1,M064,0,
2f78cc50-fcde-4ff8-a034-6233957af58b,377,6,1,F042,0,
2f78cc50-fcde-4ff8-a034-6233957af58b,378,6,1,F061,0,
2f78cc50-fcde-4ff8-a034-6233957af58b,379,6,1,M065,0,
2f78cc50-fcde-4ff8-a034-6233957af58b,380,6,1,M058,0,
2f78cc50-fcde-4ff8-a034-6233957af58b,381,6,1,M056,0,
2f78cc50-fcde-4ff8-a034-6233957af58b,382,6,1,M067,0,
2f78cc50-fcde-4ff8-a034-6233957af58b,383,6,1,M055,0,
2f78cc50-fcde-4ff8-a034-6233957af58b,384,6,1,F064,0,
2f78cc50-fcde-4ff8-a034-6233957af58b,385,6,1,M062,0,
2f78cc50-fcde-4ff8-a034-6233957af58b,386,6,1,F064,0,
2f78cc50-fcde-4ff8-a034-6233957af58b,387,6,1,F075,0,
2f78cc50-fcde-4ff8-a034-6233957af58b,388,6,1,F064,0,
2f78cc50-fcde-4ff8-a034-6233957af58b,389,6,1,M060,0,
2f78cc50-fcde-4ff8-a034-6233957af58b,390,6,1,F065,0,
2f78cc50-fcde-4ff8-a034-6233957af58b,391,6,1,M061,0,
2f78cc50-fcde-4ff8-a034-6233957af58b,392,6,1,F076,0,
2f78cc50-fcde-4ff8-a034-6233957af58b,393,6,12,M041,0,
2f78cc50-fcde-4ff8-a034-6233957af58b,394,6,1,M059,0,
2f78cc50-fcde-4ff8-a034-6233957af58b,395,6,1,M056,0,
2f78cc50-fcde-4ff8-a034-6233957af58b,396,6,1,F075,0,
2f78cc50-fcde-4ff8-a034-6233957af58b,397,6,1,M059,0,
2f78cc50-fcde-4ff8-a034-6233957af58b,398,6,1,F068,0,
2f78cc50-fcde-4ff8-a034-6233957af58b,399,6,1,F059,0,
2f78cc50-fcde-4ff8-a034-6233957af58b,400,6,1,F074,0,
2f78cc50-fcde-4ff8-a034-6233957af58b,401,6,1,F073,0,
2f78cc50-fcde-4ff8-a034-6233957af58b,402,6,1,M062,0,
2f78cc50-fcde-4ff8-a034-6233957af58b,403,6,1,M059,0,
2f78cc50-fcde-4ff8-a034-6233957af58b,404,6,1,F058,0,
2f78cc50-fcde-4ff8-a034-6233957af58b,405,6,1,M063,0,
2f78cc50-fcde-4ff8-a034-6233957af58b,406,6,1,M064,0,
2f78cc50-fcde-4ff8-a034-6233957af58b,407,6,1,F061,0,
2f78cc50-fcde-4ff8-a034-6233957af58b,408,6,1,F071,0,
2f78cc50-fcde-4ff8-a034-6233957af58b,409,6,1,M059,0,
2f78cc50-fcde-4ff8-a034-6233957af58b,410,6,1,M064,0,
2f78cc50-fcde-4ff8-a034-6233957af58b,411,6,1,M065,0,
2f78cc50-fcde-4ff8-a034-6233957af58b,412,6,1,M060,0,
2f78cc50-fcde-4ff8-a034-6233957af58b,413,6,1,M059,0,
2f78cc50-fcde-4ff8-a034-6233957af58b,414,6,1,F063,0,
2f78cc50-fcde-4ff8-a034-6233957af58b,415,6,1,M061,0,
2f78cc50-fcde-4ff8-a034-6233957af58b,416,6,1,M060,0,
2f78cc50-fcde-4ff8-a034-6233957af58b,417,6,1,M060,0,
2f78cc50-fcde-4ff8-a034-6233957af58b,418,6,1,M061,0,
2f78cc50-fcde-4ff8-a034-6233957af58b,419,6,1,F072,0,
2f78cc50-fcde-4ff8-a034-6233957af58b,420,6,1,F065,0,
2f78cc50-fcde-4ff8-a034-6233957af58b,421,6,1,M065,0,
2f78cc50-fcde-4ff8-a034-6233957af58b,422,6,1,M059,0,
2f78cc50-fcde-4ff8-a034-6233957af58b,423,6,1,M060,0,
2f78cc50-fcde-4ff8-a034-6233957af58b,424,6,1,F064,0,
2f78cc50-fcde-4ff8-a034-6233957af58b,425,6,1,F057,0,
2f78cc50-fcde-4ff8-a034-6233957af58b,426,6,1,M056,0,
2f78cc50-fcde-4ff8-a034-6233957af58b,427,6,1,M055,0,
2f78cc50-fcde-4ff8-a034-6233957af58b,428,6,1,M059,0,
2f78cc50-fcde-4ff8-a034-6233957af58b,429,6,1,M056,0,
2f78cc50-fcde-4ff8-a034-6233957af58b,430,6,1,M060,0,
2f78cc50-fcde-4ff8-a034-6233957af58b,431,6,1,M060,0,
2f78cc50-fcde-4ff8-a034-6233957af58b,432,6,1,F063,0,
2f78cc50-fcde-4ff8-a034-6233957af58b,433,6,1,F061,0,
2f78cc50-fcde-4ff8-a034-6233957af58b,434,6,1,M055,0,
2f78cc50-fcde-4ff8-a034-6233957af58b,435,6,1,M060,0,
2f78cc50-fcde-4ff8-a034-6233957af58b,436,6,1,M059,0,
2f78cc50-fcde-4ff8-a034-6233957af58b,437,6,1,F050,0,
2f78cc50-fcde-4ff8-a034-6233957af58b,438,6,1,M063,0,
2f78cc50-fcde-4ff8-a034-6233957af58b,439,6,1,M060,0,
2f78cc50-fcde-4ff8-a034-6233957af58b,440,6,1,M059,0,
2f78cc50-fcde-4ff8-a034-6233957af58b,441,6,1,M060,0,
2f78cc50-fcde-4ff8-a034-6233957af58b,442,6,1,M076,0,
2f78cc50-fcde-4ff8-a034-6233957af58b,443,6,1,M058,0,
2f78cc50-fcde-4ff8-a034-6233957af58b,444,6,1,M067,0,
2f78cc50-fcde-4ff8-a034-6233957af58b,445,6,1,M060,0,
2f78cc50-fcde-4ff8-a034-6233957af58b,446,6,1,M057,0,
2f78cc50-fcde-4ff8-a034-6233957af58b,447,6,1,M061,0,
2f78cc50-fcde-4ff8-a034-6233957af58b,448,6,1,M062,0,
2f78cc50-fcde-4ff8-a034-6233957af58b,449,6,1,F059,0,
2f78cc50-fcde-4ff8-a034-6233957af58b,450,6,1,F065,0,
2f78cc50-fcde-4ff8-a034-6233957af58b,451,6,1,M057,0,
2f78cc50-fcde-4ff8-a034-6233957af58b,452,6,1,F084,0,
2f78cc50-fcde-4ff8-a034-6233957af58b,453,6,1,F086,0,
2f78cc50-fcde-4ff8-a034-6233957af58b,454,6,1,F062,0,
2f78cc50-fcde-4ff8-a034-6233957af58b,455,6,1,F071,0,
2f78cc50-fcde-4ff8-a034-6233957af58b,456,6,1,M061,0,
2f78cc50-fcde-4ff8-a034-6233957af58b,457,6,1,F068,0,
2f78cc50-fcde-4ff8-a034-6233957af58b,458,6,1,M057,0,
2f78cc50-fcde-4ff8-a034-6233957af58b,459,6,1,F056,0,
2f78cc50-fcde-4ff8-a034-6233957af58b,460,6,1,M063,0,
2f78cc50-fcde-4ff8-a034-6233957af58b,461,6,1,M066,0,
2f78cc50-fcde-4ff8-a034-6233957af58b,462,6,1,M059,0,
2f78cc50-fcde-4ff8-a034-6233957af58b,463,6,1,M068,0,
2f78cc50-fcde-4ff8-a034-6233957af58b,464,6,1,M057,0,
2f78cc50-fcde-4ff8-a034-6233957af58b,465,6,1,M064,0,
2f78cc50-fcde-4ff8-a034-6233957af58b,466,6,1,M058,0,
2f78cc50-fcde-4ff8-a034-6233957af58b,467,6,1,M068,0,
2f78cc50-fcde-4ff8-a034-6233957af58b,468,6,1,F065,0,
2f78cc50-fcde-4ff8-a034-6233957af58b,469,6,1,M061,0,
2f78cc50-fcde-4ff8-a034-6233957af58b,470,6,1,F067,0,
2f78cc50-fcde-4ff8-a034-6233957af58b,471,6,1,F067,0,
2f78cc50-fcde-4ff8-a034-6233957af58b,472,6,1,M068,0,
2f78cc50-fcde-4ff8-a034-6233957af58b,473,6,1,F051,0,
2f78cc50-fcde-4ff8-a034-6233957af58b,474,6,1,F058,0,
2f78cc50-fcde-4ff8-a034-6233957af58b,475,6,1,F056,0,
2f78cc50-fcde-4ff8-a034-6233957af58b,476,6,1,M057,0,
2f78cc50-fcde-4ff8-a034-6233957af58b,477,6,1,M056,0,
2f78cc50-fcde-4ff8-a034-6233957af58b,478,6,1,M051,0,
2f78cc50-fcde-4ff8-a034-6233957af58b,479,6,1,M049,0,
2f78cc50-fcde-4ff8-a034-6233957af58b,480,6,1,F070,0,
2f78cc50-fcde-4ff8-a034-6233957af58b,481,6,1,F071,0,
2f78cc50-fcde-4ff8-a034-6233957af58b,482,6,1,M051,0,
2f78cc50-fcde-4ff8-a034-6233957af58b,483,6,1,M051,0,
2f78cc50-fcde-4ff8-a034-6233957af58b,484,6,1,F069,0,
2f78cc50-fcde-4ff8-a034-6233957af58b,485,6,1,M059,0,
2f78cc50-fcde-4ff8-a034-6233957af58b,486,6,1,F069,0,
2f78cc50-fcde-4ff8-a034-6233957af58b,487,6,1,F058,0,
2f78cc50-fcde-4ff8-a034-6233957af58b,488,6,1,F060,0,
2f78cc50-fcde-4ff8-a034-6233957af58b,489,6,1,M059,0,
2f78cc50-fcde-4ff8-a034-6233957af58b,490,6,1,F065,0,
2f78cc50-fcde-4ff8-a034-6233957af58b,491,6,1,M043,0,
2f78cc50-fcde-4ff8-a034-6233957af58b,492,6,1,M060,0,
2f78cc50-fcde-4ff8-a034-6233957af58b,493,6,1,M055,0,
2f78cc50-fcde-4ff8-a034-6233957af58b,494,6,1,M060,0,
2f78cc50-fcde-4ff8-a034-6233957af58b,495,6,1,F066,0,
2f78cc50-fcde-4ff8-a034-6233957af58b,496,6,1,F062,0,
2f78cc50-fcde-4ff8-a034-6233957af58b,497,6,1,F072,0,
2f78cc50-fcde-4ff8-a034-6233957af58b,498,6,1,M057,0,
2f78cc50-fcde-4ff8-a034-6233957af58b,499,6,1,F065,0,
2f78cc50-fcde-4ff8-a034-6233957af58b,500,6,1,F063,0,
2f78cc50-fcde-4ff8-a034-6233957af58b,501,6,1,F052,0,
2f78cc50-fcde-4ff8-a034-6233957af58b,502,6,1,F070,0,
2f78cc50-fcde-4ff8-a034-6233957af58b,503,6,1,F080,0,
2f78cc50-fcde-4ff8-a034-6233957af58b,504,6,1,M060,0,
2f78cc50-fcde-4ff8-a034-6233957af58b,505,6,1,M061,0,
2f78cc50-fcde-4ff8-a034-6233957af58b,506,6,1,F073,0,
2f78cc50-fcde-4ff8-a034-6233957af58b,507,6,1,M059,0,
2f78cc50-fcde-4ff8-a034-6233957af58b,508,6,1,F067,0,
2f78cc50-fcde-4ff8-a034-6233957af58b,509,6,1,M059,0,
2f78cc50-fcde-4ff8-a034-6233957af58b,510,6,1,M061,0,
2f78cc50-fcde-4ff8-a034-6233957af58b,511,6,1,M054,0,
2f78cc50-fcde-4ff8-a034-6233957af58b,512,6,1,M059,0,
2f78cc50-fcde-4ff8-a034-6233957af58b,513,6,1,M060,0,
2f78cc50-fcde-4ff8-a034-6233957af58b,514,6,1,M051,0,
2f78cc50-fcde-4ff8-a034-6233957af58b,515,6,1,M061,0,
2f78cc50-fcde-4ff8-a034-6233957af58b,516,6,1,F064,0,
2f78cc50-fcde-4ff8-a034-6233957af58b,517,6,1,M059,0,
2f78cc50-fcde-4ff8-a034-6233957af58b,518,6,1,M059,0,
2f78cc50-fcde-4ff8-a034-6233957af58b,519,6,1,F063,0,
2f78cc50-fcde-4ff8-a034-6233957af58b,520,6,1,M058,0,
2f78cc50-fcde-4ff8-a034-6233957af58b,521,6,1,M060,0,
2f78cc50-fcde-4ff8-a034-6233957af58b,522,6,1,M055,0,
2f78cc50-fcde-4ff8-a034-6233957af58b,523,6,1,M064,0,
2f78cc50-fcde-4ff8-a034-6233957af58b,524,6,1,F058,0,
2f78cc50-fcde-4ff8-a034-6233957af58b,525,6,1,M059,0,
2f78cc50-fcde-4ff8-a034-6233957af58b,526,6,1,M060,0,
2f78cc50-fcde-4ff8-a034-6233957af58b,527,6,1,F058,0,
2f78cc50-fcde-4ff8-a034-6233957af58b,528,6,1,M058,0,
2f78cc50-fcde-4ff8-a034-6233957af58b,529,6,1,M064,0,
2f78cc50-fcde-4ff8-a034-6233957af58b,530,6,1,M057,0,
2f78cc50-fcde-4ff8-a034-6233957af58b,531,6,1,M045,0,
2f78cc50-fcde-4ff8-a034-6233957af58b,532,6,1,F071,0,
2f78cc50-fcde-4ff8-a034-6233957af58b,533,6,1,F070,0,
2f78cc50-fcde-4ff8-a034-6233957af58b,534,6,1,F067,0,
2f78cc50-fcde-4ff8-a034-6233957af58b,535,6,1,M059,0,
2f78cc50-fcde-4ff8-a034-6233957af58b,536,6,1,M046,0,
2f78cc50-fcde-4ff8-a034-6233957af58b,537,6,1,F061,0,
2f78cc50-fcde-4ff8-a034-6233957af58b,538,6,1,M060,0,
2f78cc50-fcde-4ff8-a034-6233957af58b,539,6,1,M061,0,
2f78cc50-fcde-4ff8-a034-6233957af58b,540,6,1,F047,0,
2f78cc50-fcde-4ff8-a034-6233957af58b,541,6,1,M062,0,
2f78cc50-fcde-4ff8-a034-6233957af58b,542,6,1,F063,0,
2f78cc50-fcde-4ff8-a034-6233957af58b,543,6,1,M065,0,
2f78cc50-fcde-4ff8-a034-6233957af58b,544,6,1,M063,0,
2f78cc50-fcde-4ff8-a034-6233957af58b,545,6,1,M056,0,
2f78cc50-fcde-4ff8-a034-6233957af58b,546,6,1,M058,0,
2f78cc50-fcde-4ff8-a034-6233957af58b,547,6,1,F065,0,
2f78cc50-fcde-4ff8-a034-6233957af58b,548,6,3,F028,0,
2f78cc50-fcde-4ff8-a034-6233957af58b,549,6,1,F056,0,
2f78cc50-fcde-4ff8-a034-6233957af58b,550,6,1,F066,0,
2f78cc50-fcde-4ff8-a034-6233957af58b,551,6,1,M062,0,
2f78cc50-fcde-4ff8-a034-6233957af58b,552,6,1,F069,0,
2f78cc50-fcde-4ff8-a034-6233957af58b,553,6,1,F079,0,
2f78cc50-fcde-4ff8-a034-6233957af58b,554,6,1,F079,0,
2f78cc50-fcde-4ff8-a034-6233957af58b,555,6,1,F082,0,
2f78cc50-fcde-4ff8-a034-6233957af58b,556,6,1,M058,0,
2f78cc50-fcde-4ff8-a034-6233957af58b,557,6,1,M065,0,
2f78cc50-fcde-4ff8-a034-6233957af58b,558,6,1,M060,0,
2f78cc50-fcde-4ff8-a034-6233957af58b,559,6,1,F058,0,
2f78cc50-fcde-4ff8-a034-6233957af58b,560,6,1,M061,0,
2f78cc50-fcde-4ff8-a034-6233957af58b,561,6,1,M056,0,
2f78cc50-fcde-4ff8-a034-6233957af58b,562,6,1,M055,0,
2f78cc50-fcde-4ff8-a034-6233957af58b,563,6,1,M060,0,
2f78cc50-fcde-4ff8-a034-6233957af58b,564,6,1,M064,0,
2f78cc50-fcde-4ff8-a034-6233957af58b,565,6,1,M063,0,
2f78cc50-fcde-4ff8-a034-6233957af58b,566,6,1,F063,0,
2f78cc50-fcde-4ff8-a034-6233957af58b,567,6,1,F055,0,
2f78cc50-fcde-4ff8-a034-6233957af58b,568,6,1,M050,0,
2f78cc50-fcde-4ff8-a034-6233957af58b,569,6,1,M061,0,
2f78cc50-fcde-4ff8-a034-6233957af58b,570,6,1,F065,0,
2f78cc50-fcde-4ff8-a034-6233957af58b,571,6,1,M063,0,
2f78cc50-fcde-4ff8-a034-6233957af58b,572,6,1,M066,0,
2f78cc50-fcde-4ff8-a034-6233957af58b,573,6,1,F073,0,
2f78cc50-fcde-4ff8-a034-6233957af58b,574,6,1,F064,0,
2f78cc50-fcde-4ff8-a034-6233957af58b,575,6,1,F061,0,
2f78cc50-fcde-4ff8-a034-6233957af58b,576,6,1,F056,0,
2f78cc50-fcde-4ff8-a034-6233957af58b,577,6,1,M057,0,
2f78cc50-fcde-4ff8-a034-6233957af58b,578,6,1,M061,0,
2f78cc50-fcde-4ff8-a034-6233957af58b,579,6,1,M060,0,
2f78cc50-fcde-4ff8-a034-6233957af58b,580,6,1,M060,0,
2f78cc50-fcde-4ff8-a034-6233957af58b,581,6,1,M057,0,
2f78cc50-fcde-4ff8-a034-6233957af58b,582,6,1,M060,0,
2f78cc50-fcde-4ff8-a034-6233957af58b,583,6,1,M059,0,
2f78cc50-fcde-4ff8-a034-6233957af58b,584,6,1,M045,0,
2f78cc50-fcde-4ff8-a034-6233957af58b,585,6,1,M059,0,
2f78cc50-fcde-4ff8-a034-6233957af58b,586,6,1,F061,0,
2f78cc50-fcde-4ff8-a034-6233957af58b,587,6,1,F055,0,
2f78cc50-fcde-4ff8-a034-6233957af58b,588,6,1,F050,0,
2f78cc50-fcde-4ff8-a034-6233957af58b,589,6,1,M059,0,
2f78cc50-fcde-4ff8-a034-6233957af58b,590,6,1,M060,0,
2f78cc50-fcde-4ff8-a034-6233957af58b,591,6,1,F065,0,
2f78cc50-fcde-4ff8-a034-6233957af58b,592,6,1,F065,0,
2f78cc50-fcde-4ff8-a034-6233957af58b,593,6,1,M062,0,
2f78cc50-fcde-4ff8-a034-6233957af58b,594,6,1,F069,0,
2f78cc50-fcde-4ff8-a034-6233957af58b,595,6,1,M060,0,
2f78cc50-fcde-4ff8-a034-6233957af58b,596,6,1,M059,0,
2f78cc50-fcde-4ff8-a034-6233957af58b,597,6,1,F067,0,
2f78cc50-fcde-4ff8-a034-6233957af58b,598,6,1,F067,0,
2f78cc50-fcde-4ff8-a034-6233957af58b,599,6,1,M060,0,
2f78cc50-fcde-4ff8-a034-6233957af58b,600,6,1,M062,0,
2f78cc50-fcde-4ff8-a034-6233957af58b,601,6,1,M060,0,
2f78cc50-fcde-4ff8-a034-6233957af58b,602,6,1,M057,0,
2f78cc50-fcde-4ff8-a034-6233957af58b,603,6,1,F067,0,
2f78cc50-fcde-4ff8-a034-6233957af58b,604,6,1,M064,0,
2f78cc50-fcde-4ff8-a034-6233957af58b,605,6,1,M059,0,
2f78cc50-fcde-4ff8-a034-6233957af58b,606,6,1,F065,0,
2f78cc50-fcde-4ff8-a034-6233957af58b,607,6,1,M065,0,
2f78cc50-fcde-4ff8-a034-6233957af58b,608,6,1,M058,0,
2f78cc50-fcde-4ff8-a034-6233957af58b,609,6,1,M059,0,
2f78cc50-fcde-4ff8-a034-6233957af58b,610,6,1,M063,0,
2f78cc50-fcde-4ff8-a034-6233957af58b,611,6,1,F068,0,
2f78cc50-fcde-4ff8-a034-6233957af58b,612,6,1,F060,0,
2f78cc50-fcde-4ff8-a034-6233957af58b,613,6,1,M062,0,
2f78cc50-fcde-4ff8-a034-6233957af58b,614,6,1,F065,0,
2f78cc50-fcde-4ff8-a034-6233957af58b,615,6,1,M061,0,
2f78cc50-fcde-4ff8-a034-6233957af58b,616,6,1,F062,0,
2f78cc50-fcde-4ff8-a034-6233957af58b,617,6,1,M059,0,
2f78cc50-fcde-4ff8-a034-6233957af58b,618,6,1,F074,0,
2f78cc50-fcde-4ff8-a034-6233957af58b,619,6,1,F073,0,
2f78cc50-fcde-4ff8-a034-6233957af58b,620,6,1,F065,0,
2f78cc50-fcde-4ff8-a034-6233957af58b,621,6,1,M057,0,
2f78cc50-fcde-4ff8-a034-6233957af58b,622,6,1,M058,0,
2f78cc50-fcde-4ff8-a034-6233957af58b,623,6,1,F061,0,
2f78cc50-fcde-4ff8-a034-6233957af58b,624,6,1,M059,0,
2f78cc50-fcde-4ff8-a034-6233957af58b,625,6,1,M064,0,
2f78cc50-fcde-4ff8-a034-6233957af58b,626,6,1,M063,0,
2f78cc50-fcde-4ff8-a034-6233957af58b,627,6,3,F029,0,
2f78cc50-fcde-4ff8-a034-6233957af58b,628,6,1,M057,0,
2f78cc50-fcde-4ff8-a034-6233957af58b,629,6,1,F062,0,
2f78cc50-fcde-4ff8-a034-6233957af58b,630,6,1,M061,0,
2f78cc50-fcde-4ff8-a034-6233957af58b,631,6,1,M059,0,
2f78cc50-fcde-4ff8-a034-6233957af58b,632,6,1,F064,0,
2f78cc50-fcde-4ff8-a034-6233957af58b,633,6,1,M060,0,
2f78cc50-fcde-4ff8-a034-6233957af58b,634,6,1,M060,0,
2f78cc50-fcde-4ff8-a034-6233957af58b,635,6,1,M063,0,
2f78cc50-fcde-4ff8-a034-6233957af58b,636,6,1,M056,0,
2f78cc50-fcde-4ff8-a034-6233957af58b,637,6,1,F063,0,
2f78cc50-fcde-4ff8-a034-6233957af58b,638,6,1,M058,0,
2f78cc50-fcde-4ff8-a034-6233957af58b,639,6,1,F069,0,
2f78cc50-fcde-4ff8-a034-6233957af58b,640,6,1,M058,0,
2f78cc50-fcde-4ff8-a034-6233957af58b,641,6,1,M064,0,
2f78cc50-fcde-4ff8-a034-6233957af58b,642,6,1,M056,0,
2f78cc50-fcde-4ff8-a034-6233957af58b,643,6,1,F048,0,
2f78cc50-fcde-4ff8-a034-6233957af58b,644,6,1,M059,0,
2f78cc50-fcde-4ff8-a034-6233957af58b,645,6,1,M049,0,
2f78cc50-fcde-4ff8-a034-6233957af58b,646,6,1,M049,0,
2f78cc50-fcde-4ff8-a034-6233957af58b,647,6,1,M057,0,
2f78cc50-fcde-4ff8-a034-6233957af58b,648,6,1,F078,0,
2f78cc50-fcde-4ff8-a034-6233957af58b,649,6,1,M049,0,
2f78cc50-fcde-4ff8-a034-6233957af58b,650,6,1,M057,0,
2f78cc50-fcde-4ff8-a034-6233957af58b,651,6,1,M043,0,
2f78cc50-fcde-4ff8-a034-6233957af58b,652,6,1,M059,0,
2f78cc50-fcde-4ff8-a034-6233957af58b,653,6,1,F047,0,
2f78cc50-fcde-4ff8-a034-6233957af58b,654,6,1,M054,0,
2f78cc50-fcde-4ff8-a034-6233957af58b,655,6,1,M060,0,
2f78cc50-fcde-4ff8-a034-6233957af58b,656,6,1,M065,0,
2f78cc50-fcde-4ff8-a034-6233957af58b,657,6,1,F068,0,
2f78cc50-fcde-4ff8-a034-6233957af58b,658,6,1,F054,0,
2f78cc50-fcde-4ff8-a034-6233957af58b,659,6,1,M059,0,
2f78cc50-fcde-4ff8-a034-6233957af58b,660,6,1,M061,0,
2f78cc50-fcde-4ff8-a034-6233957af58b,661,6,1,M050,0,
2f78cc50-fcde-4ff8-a034-6233957af58b,662,6,1,F065,0,
2f78cc50-fcde-4ff8-a034-6233957af58b,663,6,1,M057,0,
2f78cc50-fcde-4ff8-a034-6233957af58b,664,6,1,F045,0,
2f78cc50-fcde-4ff8-a034-6233957af58b,665,6,1,F064,0,
2f78cc50-fcde-4ff8-a034-6233957af58b,666,6,1,M045,0,
2f78cc50-fcde-4ff8-a034-6233957af58b,667,6,1,F053,0,
2f78cc50-fcde-4ff8-a034-6233957af58b,668,6,1,F065,0,
2f78cc50-fcde-4ff8-a034-6233957af58b,669,6,1,F066,0,
2f78cc50-fcde-4ff8-a034-6233957af58b,670,6,1,M057,0,
2f78cc50-fcde-4ff8-a034-6233957af58b,671,6,1,M044,0,
2f78cc50-fcde-4ff8-a034-6233957af58b,672,6,1,M059,0,
2f78cc50-fcde-4ff8-a034-6233957af58b,673,6,1,F068,0,
2f78cc50-fcde-4ff8-a034-6233957af58b,674,6,1,M054,0,
2f78cc50-fcde-4ff8-a034-6233957af58b,675,6,1,M056,0,
2f78cc50-fcde-4ff8-a034-6233957af58b,676,6,1,M056,0,
2f78cc50-fcde-4ff8-a034-6233957af58b,677,6,3,F026,0,
2f78cc50-fcde-4ff8-a034-6233957af58b,678,6,1,M065,0,
2f78cc50-fcde-4ff8-a034-6233957af58b,679,6,1,M063,0,
2f78cc50-fcde-4ff8-a034-6233957af58b,680,6,1,M064,0,
2f78cc50-fcde-4ff8-a034-6233957af58b,681,6,1,F072,0,
2f78cc50-fcde-4ff8-a034-6233957af58b,682,6,1,F077,0,
2f78cc50-fcde-4ff8-a034-6233957af58b,683,6,1,M062,0,
2f78cc50-fcde-4ff8-a034-6233957af58b,684,6,1,F053,0,
2f78cc50-fcde-4ff8-a034-6233957af58b,685,6,1,M060,0,
2f78cc50-fcde-4ff8-a034-6233957af58b,686,6,1,M061,0,
2f78cc50-fcde-4ff8-a034-6233957af58b,687,6,1,M061,0,
2f78cc50-fcde-4ff8-a034-6233957af58b,688,6,1,F056,0,
2f78cc50-fcde-4ff8-a034-6233957af58b,689,6,1,M062,0,
2f78cc50-fcde-4ff8-a034-6233957af58b,690,6,1,M058,0,
2f78cc50-fcde-4ff8-a034-6233957af58b,691,6,1,F065,0,
2f78cc50-fcde-4ff8-a034-6233957af58b,692,6,1,F065,0,
2f78cc50-fcde-4ff8-a034-6233957af58b,693,6,1,F066,0,
2f78cc50-fcde-4ff8-a034-6233957af58b,694,6,1,M059,0,
2f78cc50-fcde-4ff8-a034-6233957af58b,695,6,1,F063,0,
2f78cc50-fcde-4ff8-a034-6233957af58b,696,6,1,M057,0,
2f78cc50-fcde-4ff8-a034-6233957af58b,697,6,1,F056,0,
2f78cc50-fcde-4ff8-a034-6233957af58b,698,6,1,F058,0,
2f78cc50-fcde-4ff8-a034-6233957af58b,699,6,1,M062,0,
2f78cc50-fcde-4ff8-a034-6233957af58b,700,6,1,M059,0,
2f78cc50-fcde-4ff8-a034-6233957af58b,701,6,1,M061,0,
2f78cc50-fcde-4ff8-a034-6233957af58b,702,6,1,F063,0,
2f78cc50-fcde-4ff8-a034-6233957af58b,703,6,1,F066,0,
2f78cc50-fcde-4ff8-a034-6233957af58b,704,6,1,F073,0,
2f78cc50-fcde-4ff8-a034-6233957af58b,705,6,1,F062,0,
2f78cc50-fcde-4ff8-a034-6233957af58b,706,6,3,F029,0,
2f78cc50-fcde-4ff8-a034-6233957af58b,707,6,1,F066,0,
2f78cc50-fcde-4ff8-a034-6233957af58b,708,6,1,M060,0,
2f78cc50-fcde-4ff8-a034-6233957af58b,709,6,1,F061,0,
2f78cc50-fcde-4ff8-a034-6233957af58b,710,6,1,M064,0,
2f78cc50-fcde-4ff8-a034-6233957af58b,711,6,1,M057,0,
2f78cc50-fcde-4ff8-a034-6233957af58b,712,6,1,M062,0,
2f78cc50-fcde-4ff8-a034-6233957af58b,713,6,1,F067,0,
2f78cc50-fcde-4ff8-a034-6233957af58b,714,6,1,F078,0,
2f78cc50-fcde-4ff8-a034-6233957af58b,715,6,1,F070,0,
2f78cc50-fcde-4ff8-a034-6233957af58b,716,6,1,M056,0,
2f78cc50-fcde-4ff8-a034-6233957af58b,717,6,1,M060,0,
2f78cc50-fcde-4ff8-a034-6233957af58b,718,6,1,F074,0,
2f78cc50-fcde-4ff8-a034-6233957af58b,719,6,1,M055,0,
2f78cc50-fcde-4ff8-a034-6233957af58b,720,6,1,F080,0,
2f78cc50-fcde-4ff8-a034-6233957af58b,721,6,1,F071,0,
2f78cc50-fcde-4ff8-a034-6233957af58b,722,6,1,F045,0,
2f78cc50-fcde-4ff8-a034-6233957af58b,723,6,1,M060,0,
2f78cc50-fcde-4ff8-a034-6233957af58b,724,6,1,F060,0,
2f78cc50-fcde-4ff8-a034-6233957af58b,725,6,1,M059,0,
2f78cc50-fcde-4ff8-a034-6233957af58b,726,6,1,M064,0,
2f78cc50-fcde-4ff8-a034-6233957af58b,727,6,1,F073,0,
2f78cc50-fcde-4ff8-a034-6233957af58b,728,6,1,M060,0,
2f78cc50-fcde-4ff8-a034-6233957af58b,729,6,1,F062,0,
2f78cc50-fcde-4ff8-a034-6233957af58b,730,6,1,M057,0,
2f78cc50-fcde-4ff8-a034-6233957af58b,731,6,1,F068,0,
2f78cc50-fcde-4ff8-a034-6233957af58b,732,6,1,F045,0,
2f78cc50-fcde-4ff8-a034-6233957af58b,733,6,1,F059,0,
2f78cc50-fcde-4ff8-a034-6233957af58b,734,6,3,F023,0,
2f78cc50-fcde-4ff8-a034-6233957af58b,735,6,1,F062,0,
2f78cc50-fcde-4ff8-a034-6233957af58b,736,6,1,M062,0,
2f78cc50-fcde-4ff8-a034-6233957af58b,737,6,1,F051,0,
2f78cc50-fcde-4ff8-a034-6233957af58b,738,6,1,M058,0,
2f78cc50-fcde-4ff8-a034-6233957af58b,739,6,1,M058,0,
2f78cc50-fcde-4ff8-a034-6233957af58b,740,6,1,F069,0,
2f78cc50-fcde-4ff8-a034-6233957af58b,741,6,1,M058,0,
2f78cc50-fcde-4ff8-a034-6233957af58b,742,6,1,F059,0,
2f78cc50-fcde-4ff8-a034-6233957af58b,743,6,1,M057,0,
2f78cc50-fcde-4ff8-a034-6233957af58b,744,6,1,M058,0,
2f78cc50-fcde-4ff8-a034-6233957af58b,745,6,1,F066,0,
2f78cc50-fcde-4ff8-a034-6233957af58b,746,6,1,F065,0,
2f78cc50-fcde-4ff8-a034-6233957af58b,747,6,1,F077,0,
2f78cc50-fcde-4ff8-a034-6233957af58b,748,6,1,M068,0,
2f78cc50-fcde-4ff8-a034-6233957af58b,749,6,1,M057,0,
2f78cc50-fcde-4ff8-a034-6233957af58b,750,6,1,M059,0,
2f78cc50-fcde-4ff8-a034-6233957af58b,751,6,1,M052,0,
2f78cc50-fcde-4ff8-a034-6233957af58b,752,6,1,M062,0,
2f78cc50-fcde-4ff8-a034-6233957af58b,753,6,1,M061,0,
2f78cc50-fcde-4ff8-a034-6233957af58b,754,6,1,M059,0,
2f78cc50-fcde-4ff8-a034-6233957af58b,755,6,1,M068,0,
2f78cc50-fcde-4ff8-a034-6233957af58b,756,6,1,F044,0,
2f78cc50-fcde-4ff8-a034-6233957af58b,757,6,1,M043,0,
2f78cc50-fcde-4ff8-a034-6233957af58b,758,6,1,M062,0,
2f78cc50-fcde-4ff8-a034-6233957af58b,759,6,1,F063,0,
2f78cc50-fcde-4ff8-a034-6233957af58b,760,6,1,M057,0,
2f78cc50-fcde-4ff8-a034-6233957af58b,761,6,1,M065,0,
2f78cc50-fcde-4ff8-a034-6233957af58b,762,6,1,M061,0,
2f78cc50-fcde-4ff8-a034-6233957af58b,763,6,1,F043,0,
2f78cc50-fcde-4ff8-a034-6233957af58b,764,6,1,F063,0,
2f78cc50-fcde-4ff8-a034-6233957af58b,765,6,1,M060,0,
2f78cc50-fcde-4ff8-a034-6233957af58b,766,6,1,F074,0,
2f78cc50-fcde-4ff8-a034-6233957af58b,767,6,1,F070,0,
2f78cc50-fcde-4ff8-a034-6233957af58b,768,6,1,M057,0,
2f78cc50-fcde-4ff8-a034-6233957af58b,769,6,1,M062,0,
2f78cc50-fcde-4ff8-a034-6233957af58b,770,6,1,M063,0,
2f78cc50-fcde-4ff8-a034-6233957af58b,771,6,1,F065,0,
2f78cc50-fcde-4ff8-a034-6233957af58b,772,6,1,M058,0,
2f78cc50-fcde-4ff8-a034-6233957af58b,773,6,1,F063,0,
2f78cc50-fcde-4ff8-a034-6233957af58b,774,6,1,F064,0,
2f78cc50-fcde-4ff8-a034-6233957af58b,775,6,1,F083,0,
2f78cc50-fcde-4ff8-a034-6233957af58b,776,6,1,F060,0,
2f78cc50-fcde-4ff8-a034-6233957af58b,777,6,1,M060,0,
2f78cc50-fcde-4ff8-a034-6233957af58b,778,6,1,M062,0,
2f78cc50-fcde-4ff8-a034-6233957af58b,779,6,1,F066,0,
2f78cc50-fcde-4ff8-a034-6233957af58b,780,6,1,F073,0,
2f78cc50-fcde-4ff8-a034-6233957af58b,781,6,1,M059,0,
2f78cc50-fcde-4ff8-a034-6233957af58b,782,6,1,F072,0,
2f78cc50-fcde-4ff8-a034-6233957af58b,783,6,1,M059,0,
2f78cc50-fcde-4ff8-a034-6233957af58b,784,6,1,F062,0,
2f78cc50-fcde-4ff8-a034-6233957af58b,785,6,1,F082,0,
2f78cc50-fcde-4ff8-a034-6233957af58b,786,6,1,M058,0,
2f78cc50-fcde-4ff8-a034-6233957af58b,787,6,1,F063,0,
2f78cc50-fcde-4ff8-a034-6233957af58b,788,6,1,M057,0,
2f78cc50-fcde-4ff8-a034-6233957af58b,789,6,1,F062,0,
2f78cc50-fcde-4ff8-a034-6233957af58b,790,6,1,M065,0,
2f78cc50-fcde-4ff8-a034-6233957af58b,791,6,1,M057,0,
2f78cc50-fcde-4ff8-a034-6233957af58b,792,6,1,M066,0,
2f78cc50-fcde-4ff8-a034-6233957af58b,793,6,1,M043,0,
2f78cc50-fcde-4ff8-a034-6233957af58b,794,6,1,F063,0,
2f78cc50-fcde-4ff8-a034-6233957af58b,795,6,1,F062,0,
2f78cc50-fcde-4ff8-a034-6233957af58b,796,6,1,F059,0,
2f78cc50-fcde-4ff8-a034-6233957af58b,797,6,1,F048,0,
2f78cc50-fcde-4ff8-a034-6233957af58b,798,6,1,M058,0,
2f78cc50-fcde-4ff8-a034-6233957af58b,799,6,1,M056,0,
2f78cc50-fcde-4ff8-a034-6233957af58b,800,6,1,F057,0,
2f78cc50-fcde-4ff8-a034-6233957af58b,801,6,1,F060,0,
2f78cc50-fcde-4ff8-a034-6233957af58b,802,6,1,M063,0,
2f78cc50-fcde-4ff8-a034-6233957af58b,803,6,1,M054,0,
2f78cc50-fcde-4ff8-a034-6233957af58b,804,6,1,F069,0,
2f78cc50-fcde-4ff8-a034-6233957af58b,805,6,1,M055,0,
2f78cc50-fcde-4ff8-a034-6233957af58b,806,6,1,M057,0,
2f78cc50-fcde-4ff8-a034-6233957af58b,807,6,1,M060,0,
2f78cc50-fcde-4ff8-a034-6233957af58b,808,6,1,M064,0,
2f78cc50-fcde-4ff8-a034-6233957af58b,809,6,1,F071,0,
2f78cc50-fcde-4ff8-a034-6233957af58b,810,6,1,M062,0,
2f78cc50-fcde-4ff8-a034-6233957af58b,811,6,1,F067,0,
2f78cc50-fcde-4ff8-a034-6233957af58b,812,6,1,M063,0,
2f78cc50-fcde-4ff8-a034-6233957af58b,813,6,1,F048,0,
2f78cc50-fcde-4ff8-a034-6233957af58b,814,6,1,F045,0,
2f78cc50-fcde-4ff8-a034-6233957af58b,815,6,1,F072,0,
2f78cc50-fcde-4ff8-a034-6233957af58b,816,6,1,M058,0,
2f78cc50-fcde-4ff8-a034-6233957af58b,817,6,1,M056,0,
2f78cc50-fcde-4ff8-a034-6233957af58b,818,6,1,M056,0,
2f78cc50-fcde-4ff8-a034-6233957af58b,819,6,1,M067,0,
2f78cc50-fcde-4ff8-a034-6233957af58b,820,6,1,M059,0,
2f78cc50-fcde-4ff8-a034-6233957af58b,821,6,1,M062,0,
2f78cc50-fcde-4ff8-a034-6233957af58b,822,6,1,M055,0,
2f78cc50-fcde-4ff8-a034-6233957af58b,823,6,1,M063,0,
2f78cc50-fcde-4ff8-a034-6233957af58b,824,6,1,M060,0,
2f78cc50-fcde-4ff8-a034-6233957af58b,825,6,1,M055,0,
2f78cc50-fcde-4ff8-a034-6233957af58b,826,6,1,F064,0,
2f78cc50-fcde-4ff8-a034-6233957af58b,827,6,1,F065,0,
2f78cc50-fcde-4ff8-a034-6233957af58b,828,6,1,M061,0,
2f78cc50-fcde-4ff8-a034-6233957af58b,829,6,1,F076,0,
2f78cc50-fcde-4ff8-a034-6233957af58b,830,6,1,M068,0,
2f78cc50-fcde-4ff8-a034-6233957af58b,831,6,1,M056,0,
2f78cc50-fcde-4ff8-a034-6233957af58b,832,6,1,F061,0,
2f78cc50-fcde-4ff8-a034-6233957af58b,833,6,1,M058,0,
2f78cc50-fcde-4ff8-a034-6233957af58b,834,6,1,F069,0,
2f78cc50-fcde-4ff8-a034-6233957af58b,835,6,1,F057,0,
2f78cc50-fcde-4ff8-a034-6233957af58b,836,6,1,M057,0,
2f78cc50-fcde-4ff8-a034-6233957af58b,837,6,1,M062,0,
2f78cc50-fcde-4ff8-a034-6233957af58b,838,6,1,M055,0,
2f78cc50-fcde-4ff8-a034-6233957af58b,839,6,1,M056,0,
2f78cc50-fcde-4ff8-a034-6233957af58b,840,6,1,M060,0,
2f78cc50-fcde-4ff8-a034-6233957af58b,841,6,1,M064,0,
2f78cc50-fcde-4ff8-a034-6233957af58b,842,6,1,F043,0,
2f78cc50-fcde-4ff8-a034-6233957af58b,843,6,1,M062,0,
2f78cc50-fcde-4ff8-a034-6233957af58b,844,6,1,M074,0,
2f78cc50-fcde-4ff8-a034-6233957af58b,845,6,1,M059,0,
2f78cc50-fcde-4ff8-a034-6233957af58b,846,6,1,M062,0,
2f78cc50-fcde-4ff8-a034-6233957af58b,847,6,1,F071,0,
2f78cc50-fcde-4ff8-a034-6233957af58b,848,6,1,M062,0,
2f78cc50-fcde-4ff8-a034-6233957af58b,849,6,1,M060,0,
2f78cc50-fcde-4ff8-a034-6233957af58b,850,6,1,F062,0,
2f78cc50-fcde-4ff8-a034-6233957af58b,851,6,1,M057,0,
2f78cc50-fcde-4ff8-a034-6233957af58b,852,6,1,M054,0,
2f78cc50-fcde-4ff8-a034-6233957af58b,853,6,1,M056,0,
2f78cc50-fcde-4ff8-a034-6233957af58b,854,6,1,M055,0,
2f78cc50-fcde-4ff8-a034-6233957af58b,855,6,1,M059,0,
2f78cc50-fcde-4ff8-a034-6233957af58b,856,6,1,M060,0,
2f78cc50-fcde-4ff8-a034-6233957af58b,857,6,1,M065,0,
2f78cc50-fcde-4ff8-a034-6233957af58b,858,6,1,F073,0,
2f78cc50-fcde-4ff8-a034-6233957af58b,859,6,1,M059,0,
2f78cc50-fcde-4ff8-a034-6233957af58b,860,6,1,M053,0,
2f78cc50-fcde-4ff8-a034-6233957af58b,861,6,1,M058,0,
2f78cc50-fcde-4ff8-a034-6233957af58b,862,6,1,M053,0,
2f78cc50-fcde-4ff8-a034-6233957af58b,863,6,1,M058,0,
2f78cc50-fcde-4ff8-a034-6233957af58b,864,6,1,F062,0,
2f78cc50-fcde-4ff8-a034-6233957af58b,865,6,1,F067,0,
2f78cc50-fcde-4ff8-a034-6233957af58b,866,6,1,M058,0,
2f78cc50-fcde-4ff8-a034-6233957af58b,867,6,1,M062,0,
2f78cc50-fcde-4ff8-a034-6233957af58b,868,6,1,M059,0,
2f78cc50-fcde-4ff8-a034-6233957af58b,869,6,1,F058,0,
2f78cc50-fcde-4ff8-a034-6233957af58b,870,6,1,F067,0,
2f78cc50-fcde-4ff8-a034-6233957af58b,871,6,1,M061,0,
2f78cc50-fcde-4ff8-a034-6233957af58b,872,6,1,F067,0,
2f78cc50-fcde-4ff8-a034-6233957af58b,873,6,1,F061,0,
2f78cc50-fcde-4ff8-a034-6233957af58b,874,6,1,M063,0,
2f78cc50-fcde-4ff8-a034-6233957af58b,875,6,1,M062,0,
2f78cc50-fcde-4ff8-a034-6233957af58b,876,6,1,M058,0,
2f78cc50-fcde-4ff8-a034-6233957af58b,877,6,1,M059,0,
2f78cc50-fcde-4ff8-a034-6233957af58b,878,6,1,F070,0,
2f78cc50-fcde-4ff8-a034-6233957af58b,879,6,1,M061,0,
2f78cc50-fcde-4ff8-a034-6233957af58b,880,6,1,M061,0,
2f78cc50-fcde-4ff8-a034-6233957af58b,881,6,1,M056,0,
2f78cc50-fcde-4ff8-a034-6233957af58b,882,6,1,M057,0,
2f78cc50-fcde-4ff8-a034-6233957af58b,883,6,1,M067,0,
2f78cc50-fcde-4ff8-a034-6233957af58b,884,6,1,F050,0,
2f78cc50-fcde-4ff8-a034-6233957af58b,885,6,1,F066,0,
2f78cc50-fcde-4ff8-a034-6233957af58b,886,6,1,M057,0,
2f78cc50-fcde-4ff8-a034-6233957af58b,887,6,1,F074,0,
2f78cc50-fcde-4ff8-a034-6233957af58b,888,6,1,F065,0,
2f78cc50-fcde-4ff8-a034-6233957af58b,889,6,1,F067,0,
2f78cc50-fcde-4ff8-a034-6233957af58b,890,6,1,F075,0,
2f78cc50-fcde-4ff8-a034-6233957af58b,891,6,1,M063,0,
2f78cc50-fcde-4ff8-a034-6233957af58b,892,6,1,M054,0,
2f78cc50-fcde-4ff8-a034-6233957af58b,893,6,1,M047,0,
2f78cc50-fcde-4ff8-a034-6233957af58b,894,6,1,M061,0,
2f78cc50-fcde-4ff8-a034-6233957af58b,895,6,1,F061,0,
2f78cc50-fcde-4ff8-a034-6233957af58b,896,6,1,M044,0,
2f78cc50-fcde-4ff8-a034-6233957af58b,897,6,1,F072,0,
2f78cc50-fcde-4ff8-a034-6233957af58b,898,6,1,F065,0,
2f78cc50-fcde-4ff8-a034-6233957af58b,899,6,1,M056,0,
2f78cc50-fcde-4ff8-a034-6233957af58b,900,6,1,M055,0,
2f78cc50-fcde-4ff8-a034-6233957af58b,901,6,1,M066,0,
2f78cc50-fcde-4ff8-a034-6233957af58b,902,6,1,M062,0,
2f78cc50-fcde-4ff8-a034-6233957af58b,903,6,1,F066,0,
2f78cc50-fcde-4ff8-a034-6233957af58b,904,6,1,F049,0,
2f78cc50-fcde-4ff8-a034-6233957af58b,905,6,1,M062,0,
2f78cc50-fcde-4ff8-a034-6233957af58b,906,6,1,M058,0,
2f78cc50-fcde-4ff8-a034-6233957af58b,907,6,1,M058,0,
2f78cc50-fcde-4ff8-a034-6233957af58b,908,6,1,M059,0,
2f78cc50-fcde-4ff8-a034-6233957af58b,909,6,1,F064,0,
2f78cc50-fcde-4ff8-a034-6233957af58b,910,6,1,M057,0,
2f78cc50-fcde-4ff8-a034-6233957af58b,911,6,1,F072,0,
2f78cc50-fcde-4ff8-a034-6233957af58b,912,6,1,F064,0,
2f78cc50-fcde-4ff8-a034-6233957af58b,913,6,1,M062,0,
2f78cc50-fcde-4ff8-a034-6233957af58b,914,6,1,M045,0,
2f78cc50-fcde-4ff8-a034-6233957af58b,915,6,1,F053,0,
2f78cc50-fcde-4ff8-a034-6233957af58b,916,6,1,M057,0,
2f78cc50-fcde-4ff8-a034-6233957af58b,917,6,1,F070,0,
2f78cc50-fcde-4ff8-a034-6233957af58b,918,6,1,M066,0,
2f78cc50-fcde-4ff8-a034-6233957af58b,919,6,1,M056,0,
2f78cc50-fcde-4ff8-a034-6233957af58b,920,6,1,F060,0,
2f78cc50-fcde-4ff8-a034-6233957af58b,921,6,1,M063,0,
2f78cc50-fcde-4ff8-a034-6233957af58b,922,6,1,F050,0,
2f78cc50-fcde-4ff8-a034-6233957af58b,923,6,1,F069,0,
2f78cc50-fcde-4ff8-a034-6233957af58b,924,6,1,M057,0,
2f78cc50-fcde-4ff8-a034-6233957af58b,925,6,1,M062,0,
2f78cc50-fcde-4ff8-a034-6233957af58b,926,6,1,F056,0,
2f78cc50-fcde-4ff8-a034-6233957af58b,927,6,1,M060,0,
2f78cc50-fcde-4ff8-a034-6233957af58b,928,6,1,F063,0,
2f78cc50-fcde-4ff8-a034-6233957af58b,929,6,1,M048,0,
2f78cc50-fcde-4ff8-a034-6233957af58b,930,6,1,M058,0,
2f78cc50-fcde-4ff8-a034-6233957af58b,931,6,1,M059,0,
2f78cc50-fcde-4ff8-a034-6233957af58b,932,6,1,M058,0,
2f78cc50-fcde-4ff8-a034-6233957af58b,933,6,1,M060,0,
2f78cc50-fcde-4ff8-a034-6233957af58b,934,6,1,F064,0,
2f78cc50-fcde-4ff8-a034-6233957af58b,935,6,1,M053,0,
2f78cc50-fcde-4ff8-a034-6233957af58b,936,6,1,F063,0,
2f78cc50-fcde-4ff8-a034-6233957af58b,937,6,1,M059,0,
2f78cc50-fcde-4ff8-a034-6233957af58b,938,6,1,F058,0,
2f78cc50-fcde-4ff8-a034-6233957af58b,939,6,1,M055,0,
2f78cc50-fcde-4ff8-a034-6233957af58b,940,6,1,F062,0,
2f78cc50-fcde-4ff8-a034-6233957af58b,941,6,1,M060,0,
2f78cc50-fcde-4ff8-a034-6233957af58b,942,6,1,M061,0,
2f78cc50-fcde-4ff8-a034-6233957af58b,943,6,1,F057,0,
2f78cc50-fcde-4ff8-a034-6233957af58b,944,6,1,F076,0,
2f78cc50-fcde-4ff8-a034-6233957af58b,945,6,1,F057,0,
2f78cc50-fcde-4ff8-a034-6233957af58b,946,6,1,M065,0,
2f78cc50-fcde-4ff8-a034-6233957af58b,947,6,1,M064,0,
2f78cc50-fcde-4ff8-a034-6233957af58b,948,6,1,M059,0,
2f78cc50-fcde-4ff8-a034-6233957af58b,949,6,1,M062,0,
2f78cc50-fcde-4ff8-a034-6233957af58b,950,6,1,M060,0,
2f78cc50-fcde-4ff8-a034-6233957af58b,951,6,1,M052,0,
2f78cc50-fcde-4ff8-a034-6233957af58b,952,6,1,M059,0,
2f78cc50-fcde-4ff8-a034-6233957af58b,953,6,1,M053,0,
2f78cc50-fcde-4ff8-a034-6233957af58b,954,6,1,F067,0,
2f78cc50-fcde-4ff8-a034-6233957af58b,955,6,1,M061,0,
2f78cc50-fcde-4ff8-a034-6233957af58b,956,6,1,F040,0,
2f78cc50-fcde-4ff8-a034-6233957af58b,957,6,1,M051,0,
2f78cc50-fcde-4ff8-a034-6233957af58b,958,6,1,M060,0,
2f78cc50-fcde-4ff8-a034-6233957af58b,959,6,1,M068,0,
2f78cc50-fcde-4ff8-a034-6233957af58b,960,6,1,M064,0,
2f78cc50-fcde-4ff8-a034-6233957af58b,961,6,1,F069,0,
2f78cc50-fcde-4ff8-a034-6233957af58b,962,6,1,F062,0,
2f78cc50-fcde-4ff8-a034-6233957af58b,963,6,1,F062,0,
2f78cc50-fcde-4ff8-a034-6233957af58b,964,6,1,M055,0,
2f78cc50-fcde-4ff8-a034-6233957af58b,965,6,1,F059,0,
2f78cc50-fcde-4ff8-a034-6233957af58b,966,6,1,F075,0,
2f78cc50-fcde-4ff8-a034-6233957af58b,967,6,1,M060,0,
2f78cc50-fcde-4ff8-a034-6233957af58b,968,6,1,M067,0,
2f78cc50-fcde-4ff8-a034-6233957af58b,969,6,1,M062,0,
2f78cc50-fcde-4ff8-a034-6233957af58b,970,6,1,F066,0,
2f78cc50-fcde-4ff8-a034-6233957af58b,971,6,1,M058,0,
2f78cc50-fcde-4ff8-a034-6233957af58b,972,6,1,F061,0,
2f78cc50-fcde-4ff8-a034-6233957af58b,973,6,1,F064,0,
2f78cc50-fcde-4ff8-a034-6233957af58b,974,6,1,F065,0,
2f78cc50-fcde-4ff8-a034-6233957af58b,975,6,1,M059,0,
2f78cc50-fcde-4ff8-a034-6233957af58b,976,6,1,M063,0,
2f78cc50-fcde-4ff8-a034-6233957af58b,977,6,1,F062,0,
2f78cc50-fcde-4ff8-a034-6233957af58b,978,6,1,F074,0,
2f78cc50-fcde-4ff8-a034-6233957af58b,979,6,1,F061,0,
2f78cc50-fcde-4ff8-a034-6233957af58b,980,6,1,F063,0,
2f78cc50-fcde-4ff8-a034-6233957af58b,981,6,1,M062,0,
2f78cc50-fcde-4ff8-a034-6233957af58b,982,6,1,F063,0,
2f78cc50-fcde-4ff8-a034-6233957af58b,983,6,1,F065,0,
2f78cc50-fcde-4ff8-a034-6233957af58b,984,6,1,M065,0,
2f78cc50-fcde-4ff8-a034-6233957af58b,985,6,1,M059,0,
2f78cc50-fcde-4ff8-a034-6233957af58b,986,6,1,F059,0,
2f78cc50-fcde-4ff8-a034-6233957af58b,987,6,1,M062,0,
2f78cc50-fcde-4ff8-a034-6233957af58b,988,6,1,F056,0,
2f78cc50-fcde-4ff8-a034-6233957af58b,989,6,1,F078,0,
2f78cc50-fcde-4ff8-a034-6233957af58b,990,6,1,F066,0,
2f78cc50-fcde-4ff8-a034-6233957af58b,991,6,1,F066,0,
2f78cc50-fcde-4ff8-a034-6233957af58b,992,6,1,M052,0,
2f78cc50-fcde-4ff8-a034-6233957af58b,993,6,1,M066,0,
2f78cc50-fcde-4ff8-a034-6233957af58b,994,6,1,M056,0,
2f78cc50-fcde-4ff8-a034-6233957af58b,995,6,1,M065,0,
2f78cc50-fcde-4ff8-a034-6233957af58b,996,6,1,F051,0,
2f78cc50-fcde-4ff8-a034-6233957af58b,997,6,1,F059,0,
2f78cc50-fcde-4ff8-a034-6233957af58b,998,6,1,F070,0,
2f78cc50-fcde-4ff8-a034-6233957af58b,999,6,1,F057,0,
2f78cc50-fcde-4ff8-a034-6233957af58b,1000,6,1,M064,0,
2f78cc50-fcde-4ff8-a034-6233957af58b,1001,6,1,F047,0,
2f78cc50-fcde-4ff8-a034-6233957af58b,1002,6,1,M059,0,
2f78cc50-fcde-4ff8-a034-6233957af58b,1003,6,1,M046,0,
2f78cc50-fcde-4ff8-a034-6233957af58b,1004,6,1,M059,0,
2f78cc50-fcde-4ff8-a034-6233957af58b,1005,6,1,M058,0,
2f78cc50-fcde-4ff8-a034-6233957af58b,1006,6,1,M058,0,
2f78cc50-fcde-4ff8-a034-6233957af58b,1007,6,1,F071,0,
2f78cc50-fcde-4ff8-a034-6233957af58b,1008,6,1,F070,0,
2f78cc50-fcde-4ff8-a034-6233957af58b,1009,6,1,M060,0,
2f78cc50-fcde-4ff8-a034-6233957af58b,1010,6,1,F057,0,
2f78cc50-fcde-4ff8-a034-6233957af58b,1011,6,1,M056,0,
2f78cc50-fcde-4ff8-a034-6233957af58b,1012,6,1,F053,0,
2f78cc50-fcde-4ff8-a034-6233957af58b,1013,6,1,F066,0,
2f78cc50-fcde-4ff8-a034-6233957af58b,1014,6,1,M056,0,
2f78cc50-fcde-4ff8-a034-6233957af58b,1015,6,1,F069,0,
2f78cc50-fcde-4ff8-a034-6233957af58b,1016,6,1,M057,0,
2f78cc50-fcde-4ff8-a034-6233957af58b,1017,6,1,M059,0,
2f78cc50-fcde-4ff8-a034-6233957af58b,1018,6,1,F064,0,
2f78cc50-fcde-4ff8-a034-6233957af58b,1019,6,1,M055,0,
2f78cc50-fcde-4ff8-a034-6233957af58b,1020,6,1,M065,0,
2f78cc50-fcde-4ff8-a034-6233957af58b,1021,6,1,F065,0,
2f78cc50-fcde-4ff8-a034-6233957af58b,1022,6,1,F058,0,
2f78cc50-fcde-4ff8-a034-6233957af58b,1023,6,1,M063,0,
2f78cc50-fcde-4ff8-a034-6233957af58b,1024,6,1,M061,0,
2f78cc50-fcde-4ff8-a034-6233957af58b,1025,6,1,F068,0,
2f78cc50-fcde-4ff8-a034-6233957af58b,1026,6,1,F068,0,
2f78cc50-fcde-4ff8-a034-6233957af58b,1027,6,1,M065,0,
2f78cc50-fcde-4ff8-a034-6233957af58b,1028,6,1,M059,0,
2f78cc50-fcde-4ff8-a034-6233957af58b,1029,6,1,F067,0,
2f78cc50-fcde-4ff8-a034-6233957af58b,1030,6,1,M064,0,
2f78cc50-fcde-4ff8-a034-6233957af58b,1031,6,1,F078,0,
2f78cc50-fcde-4ff8-a034-6233957af58b,1032,6,1,M059,0,
2f78cc50-fcde-4ff8-a034-6233957af58b,1033,6,1,M059,0,
2f78cc50-fcde-4ff8-a034-6233957af58b,1034,6,1,M040,0,
2f78cc50-fcde-4ff8-a034-6233957af58b,1035,6,1,M056,0,
2f78cc50-fcde-4ff8-a034-6233957af58b,1036,6,1,F065,0,
2f78cc50-fcde-4ff8-a034-6233957af58b,1037,6,1,M060,0,
2f78cc50-fcde-4ff8-a034-6233957af58b,1038,6,1,F064,0,
2f78cc50-fcde-4ff8-a034-6233957af58b,1039,6,1,F059,0,
2f78cc50-fcde-4ff8-a034-6233957af58b,1040,6,1,F067,0,
2f78cc50-fcde-4ff8-a034-6233957af58b,1041,6,1,M043,0,
2f78cc50-fcde-4ff8-a034-6233957af58b,1042,6,1,F055,0,
2f78cc50-fcde-4ff8-a034-6233957af58b,1043,6,1,M056,0,
2f78cc50-fcde-4ff8-a034-6233957af58b,1044,6,1,M065,0,
2f78cc50-fcde-4ff8-a034-6233957af58b,1045,6,1,M058,0,
2f78cc50-fcde-4ff8-a034-6233957af58b,1046,6,1,M059,0,
2f78cc50-fcde-4ff8-a034-6233957af58b,1047,6,1,M057,0,
2f78cc50-fcde-4ff8-a034-6233957af58b,1048,6,1,M060,0,
2f78cc50-fcde-4ff8-a034-6233957af58b,1049,6,1,F065,0,
2f78cc50-fcde-4ff8-a034-6233957af58b,1050,6,1,M067,0,
2f78cc50-fcde-4ff8-a034-6233957af58b,1051,6,1,F063,0,
2f78cc50-fcde-4ff8-a034-6233957af58b,1052,6,1,M066,0,
2f78cc50-fcde-4ff8-a034-6233957af58b,1053,6,1,M060,0,
2f78cc50-fcde-4ff8-a034-6233957af58b,1054,6,1,M061,0,
2f78cc50-fcde-4ff8-a034-6233957af58b,1055,6,1,F065,0,
2f78cc50-fcde-4ff8-a034-6233957af58b,1056,6,1,M061,0,
2f78cc50-fcde-4ff8-a034-6233957af58b,1057,6,1,M051,0,
2f78cc50-fcde-4ff8-a034-6233957af58b,1058,6,1,M060,0,
2f78cc50-fcde-4ff8-a034-6233957af58b,1059,6,1,M057,0,
2f78cc50-fcde-4ff8-a034-6233957af58b,1060,6,1,F072,0,
2f78cc50-fcde-4ff8-a034-6233957af58b,1061,6,1,F065,0,
2f78cc50-fcde-4ff8-a034-6233957af58b,1062,6,1,M056,0,
2f78cc50-fcde-4ff8-a034-6233957af58b,1063,6,1,F071,0,
2f78cc50-fcde-4ff8-a034-6233957af58b,1064,6,1,M056,0,
2f78cc50-fcde-4ff8-a034-6233957af58b,1065,6,1,F071,0,
2f78cc50-fcde-4ff8-a034-6233957af58b,1066,6,1,M064,0,
2f78cc50-fcde-4ff8-a034-6233957af58b,1067,6,1,M059,0,
2f78cc50-fcde-4ff8-a034-6233957af58b,1068,6,1,M059,0,
2f78cc50-fcde-4ff8-a034-6233957af58b,1069,6,1,M055,0,
2f78cc50-fcde-4ff8-a034-6233957af58b,1070,6,1,M056,0,
2f78cc50-fcde-4ff8-a034-6233957af58b,1071,6,3,F029,0,
2f78cc50-fcde-4ff8-a034-6233957af58b,1072,6,1,M060,0,
2f78cc50-fcde-4ff8-a034-6233957af58b,1073,6,1,M060,0,
2f78cc50-fcde-4ff8-a034-6233957af58b,1074,6,1,M062,0,
2f78cc50-fcde-4ff8-a034-6233957af58b,1075,6,1,F065,0,
2f78cc50-fcde-4ff8-a034-6233957af58b,1076,6,1,F063,0,
2f78cc50-fcde-4ff8-a034-6233957af58b,1077,6,1,F070,0,
2f78cc50-fcde-4ff8-a034-6233957af58b,1078,6,1,M062,0,
2f78cc50-fcde-4ff8-a034-6233957af58b,1079,6,1,F068,0,
2f78cc50-fcde-4ff8-a034-6233957af58b,1080,6,1,M052,0,
2f78cc50-fcde-4ff8-a034-6233957af58b,1081,6,1,F065,0,
2f78cc50-fcde-4ff8-a034-6233957af58b,1082,6,1,F071,0,
2f78cc50-fcde-4ff8-a034-6233957af58b,1083,6,1,M040,0,
2f78cc50-fcde-4ff8-a034-6233957af58b,1084,6,1,M058,0,
2f78cc50-fcde-4ff8-a034-6233957af58b,1085,6,1,M062,0,
2f78cc50-fcde-4ff8-a034-6233957af58b,1086,6,1,F073,0,
2f78cc50-fcde-4ff8-a034-6233957af58b,1087,6,1,M066,0,
2f78cc50-fcde-4ff8-a034-6233957af58b,1088,6,1,F077,0,
2f78cc50-fcde-4ff8-a034-6233957af58b,1089,6,3,F021,0,
2f78cc50-fcde-4ff8-a034-6233957af58b,1090,6,1,F065,0,
2f78cc50-fcde-4ff8-a034-6233957af58b,1091,6,1,M063,0,
2f78cc50-fcde-4ff8-a034-6233957af58b,1092,6,1,F068,0,
2f78cc50-fcde-4ff8-a034-6233957af58b,1093,6,1,M058,0,
2f78cc50-fcde-4ff8-a034-6233957af58b,1094,6,1,M057,0,
2f78cc50-fcde-4ff8-a034-6233957af58b,1095,6,1,F067,0,
2f78cc50-fcde-4ff8-a034-6233957af58b,1096,6,1,M060,0,
2f78cc50-fcde-4ff8-a034-6233957af58b,1097,6,1,F065,0,
2f78cc50-fcde-4ff8-a034-6233957af58b,1098,6,1,M054,0,
2f78cc50-fcde-4ff8-a034-6233957af58b,1099,6,1,M058,0,
2f78cc50-fcde-4ff8-a034-6233957af58b,1100,6,1,M060,0,
2f78cc50-fcde-4ff8-a034-6233957af58b,1101,6,1,F075,0,
2f78cc50-fcde-4ff8-a034-6233957af58b,1102,6,1,F066,0,
2f78cc50-fcde-4ff8-a034-6233957af58b,1103,6,1,F061,0,
2f78cc50-fcde-4ff8-a034-6233957af58b,1104,6,1,F067,0,
2f78cc50-fcde-4ff8-a034-6233957af58b,1105,6,1,M063,0,
2f78cc50-fcde-4ff8-a034-6233957af58b,1106,6,1,F059,0,
2f78cc50-fcde-4ff8-a034-6233957af58b,1107,6,1,F066,0,
2f78cc50-fcde-4ff8-a034-6233957af58b,1108,6,1,M060,0,
2f78cc50-fcde-4ff8-a034-6233957af58b,1109,6,1,F064,0,
2f78cc50-fcde-4ff8-a034-6233957af58b,1110,6,1,M072,0,
2f78cc50-fcde-4ff8-a034-6233957af58b,1111,6,1,F064,0,
2f78cc50-fcde-4ff8-a034-6233957af58b,1112,6,1,F063,0,
2f78cc50-fcde-4ff8-a034-6233957af58b,1113,6,1,M059,0,
2f78cc50-fcde-4ff8-a034-6233957af58b,1114,6,1,M065,0,
2f78cc50-fcde-4ff8-a034-6233957af58b,1115,6,1,M063,0,
2f78cc50-fcde-4ff8-a034-6233957af58b,1116,6,1,M059,0,
2f78cc50-fcde-4ff8-a034-6233957af58b,1117,6,1,M058,0,
2f78cc50-fcde-4ff8-a034-6233957af58b,1118,6,1,F063,0,
2f78cc50-fcde-4ff8-a034-6233957af58b,1119,6,1,F077,0,
2f78cc50-fcde-4ff8-a034-6233957af58b,1120,6,1,F063,0,
2f78cc50-fcde-4ff8-a034-6233957af58b,1121,6,1,F056,0,
2f78cc50-fcde-4ff8-a034-6233957af58b,1122,6,1,F061,0,
2f78cc50-fcde-4ff8-a034-6233957af58b,1123,6,1,M056,0,
2f78cc50-fcde-4ff8-a034-6233957af58b,1124,6,1,M058,0,
2f78cc50-fcde-4ff8-a034-6233957af58b,1125,6,1,M047,0,
2f78cc50-fcde-4ff8-a034-6233957af58b,1126,6,1,M060,0,
2f78cc50-fcde-4ff8-a034-6233957af58b,1127,6,1,F067,0,
2f78cc50-fcde-4ff8-a034-6233957af58b,1128,6,1,M065,0,
2f78cc50-fcde-4ff8-a034-6233957af58b,1129,6,1,M058,0,
2f78cc50-fcde-4ff8-a034-6233957af58b,1130,6,1,F069,0,
2f78cc50-fcde-4ff8-a034-6233957af58b,1131,6,1,F067,0,
2f78cc50-fcde-4ff8-a034-6233957af58b,1132,6,1,F077,0,
2f78cc50-fcde-4ff8-a034-6233957af58b,1133,6,1,M061,0,
2f78cc50-fcde-4ff8-a034-6233957af58b,1134,6,1,F060,0,
2f78cc50-fcde-4ff8-a034-6233957af58b,1135,6,1,F063,0,
2f78cc50-fcde-4ff8-a034-6233957af58b,1136,6,1,F086,0,
2f78cc50-fcde-4ff8-a034-6233957af58b,1137,6,1,F060,0,
2f78cc50-fcde-4ff8-a034-6233957af58b,1138,6,1,F057,0,
2f78cc50-fcde-4ff8-a034-6233957af58b,1139,6,1,M050,0,
2f78cc50-fcde-4ff8-a034-6233957af58b,1140,6,1,M059,0,
2f78cc50-fcde-4ff8-a034-6233957af58b,1141,6,1,M050,0,
2f78cc50-fcde-4ff8-a034-6233957af58b,1142,6,1,F060,0,
2f78cc50-fcde-4ff8-a034-6233957af58b,1143,6,1,F049,0,
2f78cc50-fcde-4ff8-a034-6233957af58b,1144,6,1,M063,0,
2f78cc50-fcde-4ff8-a034-6233957af58b,1145,6,1,F066,0,
2f78cc50-fcde-4ff8-a034-6233957af58b,1146,6,1,F045,0,
2f78cc50-fcde-4ff8-a034-6233957af58b,1147,6,1,F069,0,
2f78cc50-fcde-4ff8-a034-6233957af58b,1148,6,1,F060,0,
2f78cc50-fcde-4ff8-a034-6233957af58b,1149,6,1,M058,0,
2f78cc50-fcde-4ff8-a034-6233957af58b,1150,6,1,F062,0,
2f78cc50-fcde-4ff8-a034-6233957af58b,1151,6,1,M059,0,
2f78cc50-fcde-4ff8-a034-6233957af58b,1152,6,1,M062,0,
2f78cc50-fcde-4ff8-a034-6233957af58b,1153,6,1,M065,0,
2f78cc50-fcde-4ff8-a034-6233957af58b,1154,6,1,F059,0,
2f78cc50-fcde-4ff8-a034-6233957af58b,1155,6,1,F071,0,
2f78cc50-fcde-4ff8-a034-6233957af58b,1156,6,1,F048,0,
2f78cc50-fcde-4ff8-a034-6233957af58b,1157,6,1,M064,0,
2f78cc50-fcde-4ff8-a034-6233957af58b,1158,6,1,F057,0,
2f78cc50-fcde-4ff8-a034-6233957af58b,1159,6,1,M054,0,
2f78cc50-fcde-4ff8-a034-6233957af58b,1160,6,1,F044,0,
2f78cc50-fcde-4ff8-a034-6233957af58b,1161,6,1,F067,0,
2f78cc50-fcde-4ff8-a034-6233957af58b,1162,6,1,F062,0,
2f78cc50-fcde-4ff8-a034-6233957af58b,1163,6,1,M065,0,
2f78cc50-fcde-4ff8-a034-6233957af58b,1164,6,1,M061,0,
2f78cc50-fcde-4ff8-a034-6233957af58b,1165,6,1,F065,0,
2f78cc50-fcde-4ff8-a034-6233957af58b,1166,6,1,M061,0,
2f78cc50-fcde-4ff8-a034-6233957af58b,1167,6,1,F083,0,
2f78cc50-fcde-4ff8-a034-6233957af58b,1168,6,1,M076,0,
2f78cc50-fcde-4ff8-a034-6233957af58b,1169,6,1,M057,0,
2f78cc50-fcde-4ff8-a034-6233957af58b,1170,6,1,F070,0,
2f78cc50-fcde-4ff8-a034-6233957af58b,1171,6,1,M057,0,
2f78cc50-fcde-4ff8-a034-6233957af58b,1172,6,1,F067,0,
2f78cc50-fcde-4ff8-a034-6233957af58b,1173,6,1,M057,0,
2f78cc50-fcde-4ff8-a034-6233957af58b,1174,6,1,F057,0,
2f78cc50-fcde-4ff8-a034-6233957af58b,1175,6,1,M065,0,
2f78cc50-fcde-4ff8-a034-6233957af58b,1176,6,1,M055,0,
2f78cc50-fcde-4ff8-a034-6233957af58b,1177,6,1,M056,0,
2f78cc50-fcde-4ff8-a034-6233957af58b,1178,6,1,M063,0,
2f78cc50-fcde-4ff8-a034-6233957af58b,1179,6,1,M064,0,
2f78cc50-fcde-4ff8-a034-6233957af58b,1180,6,1,F069,0,
2f78cc50-fcde-4ff8-a034-6233957af58b,1181,6,1,F046,0,
2f78cc50-fcde-4ff8-a034-6233957af58b,1182,6,1,F058,0,
2f78cc50-fcde-4ff8-a034-6233957af58b,1183,6,1,M056,0,
2f78cc50-fcde-4ff8-a034-6233957af58b,1184,6,1,F065,0,
2f78cc50-fcde-4ff8-a034-6233957af58b,1185,6,1,F064,0,
2f78cc50-fcde-4ff8-a034-6233957af58b,1186,6,1,M054,0,
2f78cc50-fcde-4ff8-a034-6233957af58b,1187,6,1,F062,0,
2f78cc50-fcde-4ff8-a034-6233957af58b,1188,6,1,M060,0,
2f78cc50-fcde-4ff8-a034-6233957af58b,1189,6,1,F065,0,
2f78cc50-fcde-4ff8-a034-6233957af58b,1190,6,1,F057,0,
2f78cc50-fcde-4ff8-a034-6233957af58b,1191,6,1,M064,0,
2f78cc50-fcde-4ff8-a034-6233957af58b,1192,6,1,F048,0,
2f78cc50-fcde-4ff8-a034-6233957af58b,1193,6,1,M057,0,
2f78cc50-fcde-4ff8-a034-6233957af58b,1194,6,1,M058,0,
2f78cc50-fcde-4ff8-a034-6233957af58b,1195,6,1,M061,0,
2f78cc50-fcde-4ff8-a034-6233957af58b,1196,6,1,F082,0,
2f78cc50-fcde-4ff8-a034-6233957af58b,1197,6,1,F079,0,
2f78cc50-fcde-4ff8-a034-6233957af58b,1198,6,1,M059,0,
2f78cc50-fcde-4ff8-a034-6233957af58b,1199,6,1,M059,0,
2f78cc50-fcde-4ff8-a034-6233957af58b,1200,6,1,M068,0,
2f78cc50-fcde-4ff8-a034-6233957af58b,1201,6,1,M058,0,
2f78cc50-fcde-4ff8-a034-6233957af58b,1202,6,1,M055,0,
2f78cc50-fcde-4ff8-a034-6233957af58b,1203,6,1,F073,0,
2f78cc50-fcde-4ff8-a034-6233957af58b,1204,6,1,M063,0,
2f78cc50-fcde-4ff8-a034-6233957af58b,1205,6,1,F066,0,
2f78cc50-fcde-4ff8-a034-6233957af58b,1206,6,1,F066,0,
2f78cc50-fcde-4ff8-a034-6233957af58b,1207,6,1,M063,0,
2f78cc50-fcde-4ff8-a034-6233957af58b,1208,6,1,M057,0,
2f78cc50-fcde-4ff8-a034-6233957af58b,1209,6,1,F064,0,
2f78cc50-fcde-4ff8-a034-6233957af58b,1210,6,1,M059,0,
2f78cc50-fcde-4ff8-a034-6233957af58b,1211,6,1,M063,0,
2f78cc50-fcde-4ff8-a034-6233957af58b,1212,6,1,M058,0,
2f78cc50-fcde-4ff8-a034-6233957af58b,1213,6,1,F075,0,
2f78cc50-fcde-4ff8-a034-6233957af58b,1214,6,12,M033,0,
2f78cc50-fcde-4ff8-a034-6233957af58b,1215,6,1,F061,0,
2f78cc50-fcde-4ff8-a034-6233957af58b,1216,6,1,M063,0,
2f78cc50-fcde-4ff8-a034-6233957af58b,1217,6,1,F069,0,
2f78cc50-fcde-4ff8-a034-6233957af58b,1218,6,1,M052,0,
2f78cc50-fcde-4ff8-a034-6233957af58b,1219,6,1,M062,0,
2f78cc50-fcde-4ff8-a034-6233957af58b,1220,6,1,M063,0,
2f78cc50-fcde-4ff8-a034-6233957af58b,1221,6,1,F071,0,
2f78cc50-fcde-4ff8-a034-6233957af58b,1222,6,1,M060,0,
2f78cc50-fcde-4ff8-a034-6233957af58b,1223,6,1,M049,0,
2f78cc50-fcde-4ff8-a034-6233957af58b,1224,6,1,M060,0,
2f78cc50-fcde-4ff8-a034-6233957af58b,1225,6,1,M056,0,
2f78cc50-fcde-4ff8-a034-6233957af58b,1226,6,1,M058,0,
2f78cc50-fcde-4ff8-a034-6233957af58b,1227,6,1,M045,0,
2f78cc50-fcde-4ff8-a034-6233957af58b,1228,6,1,M057,0,
2f78cc50-fcde-4ff8-a034-6233957af58b,1229,6,1,M048,0,
2f78cc50-fcde-4ff8-a034-6233957af58b,1230,6,1,M052,0,
2f78cc50-fcde-4ff8-a034-6233957af58b,1231,5,1,M049,0,
2f78cc50-fcde-4ff8-a034-6233957af58b,1232,5,1,F067,0,
2f78cc50-fcde-4ff8-a034-6233957af58b,1233,5,1,F076,0,
2f78cc50-fcde-4ff8-a034-6233957af58b,1234,5,1,F067,0,
2f78cc50-fcde-4ff8-a034-6233957af58b,1235,5,1,M061,0,
2f78cc50-fcde-4ff8-a034-6233957af58b,1236,5,1,M064,0,
2f78cc50-fcde-4ff8-a034-6233957af58b,1237,5,1,M062,0,
2f78cc50-fcde-4ff8-a034-6233957af58b,1238,5,1,M041,0,
2f78cc50-fcde-4ff8-a034-6233957af58b,1239,5,1,M061,0,
2f78cc50-fcde-4ff8-a034-6233957af58b,1240,5,1,M041,0,
2f78cc50-fcde-4ff8-a034-6233957af58b,1241,5,1,M051,0,
2f78cc50-fcde-4ff8-a034-6233957af58b,1242,5,1,F042,0,
2f78cc50-fcde-4ff8-a034-6233957af58b,1243,5,1,M059,0,
2f78cc50-fcde-4ff8-a034-6233957af58b,1244,5,1,F067,0,
2f78cc50-fcde-4ff8-a034-6233957af58b,1245,5,1,M057,0,
2f78cc50-fcde-4ff8-a034-6233957af58b,1246,5,1,F076,0,
2f78cc50-fcde-4ff8-a034-6233957af58b,1247,5,1,M054,0,
2f78cc50-fcde-4ff8-a034-6233957af58b,1248,5,1,F045,0,
2f78cc50-fcde-4ff8-a034-6233957af58b,1249,5,1,F059,0,
2f78cc50-fcde-4ff8-a034-6233957af58b,1250,5,1,M051,0,
2f78cc50-fcde-4ff8-a034-6233957af58b,1251,5,1,M060,0,
2f78cc50-fcde-4ff8-a034-6233957af58b,1252,5,1,F073,0,
2f78cc50-fcde-4ff8-a034-6233957af58b,1253,5,1,M065,0,
2f78cc50-fcde-4ff8-a034-6233957af58b,1254,5,1,F079,0,
2f78cc50-fcde-4ff8-a034-6233957af58b,1255,5,1,F071,0,
2f78cc50-fcde-4ff8-a034-6233957af58b,1256,5,1,F072,0,
2f78cc50-fcde-4ff8-a034-6233957af58b,1257,5,1,F061,0,
2f78cc50-fcde-4ff8-a034-6233957af58b,1258,5,1,M059,0,
2f78cc50-fcde-4ff8-a034-6233957af58b,1259,5,1,M063,0,
2f78cc50-fcde-4ff8-a034-6233957af58b,1260,5,1,F065,0,
2f78cc50-fcde-4ff8-a034-6233957af58b,1261,5,1,M069,0,
2f78cc50-fcde-4ff8-a034-6233957af58b,1262,5,1,F047,0,
2f78cc50-fcde-4ff8-a034-6233957af58b,1263,5,1,M061,0,
2f78cc50-fcde-4ff8-a034-6233957af58b,1264,5,1,M059,0,
2f78cc50-fcde-4ff8-a034-6233957af58b,1265,5,1,F064,0,
2f78cc50-fcde-4ff8-a034-6233957af58b,1266,5,1,F067,0,
2f78cc50-fcde-4ff8-a034-6233957af58b,1267,5,1,M062,0,
2f78cc50-fcde-4ff8-a034-6233957af58b,1268,5,1,M061,0,
2f78cc50-fcde-4ff8-a034-6233957af58b,1269,5,1,M059,0,
2f78cc50-fcde-4ff8-a034-6233957af58b,1270,5,1,M058,0,
2f78cc50-fcde-4ff8-a034-6233957af58b,1271,5,1,M058,0,
2f78cc50-fcde-4ff8-a034-6233957af58b,1272,5,1,F059,0,
2f78cc50-fcde-4ff8-a034-6233957af58b,1273,5,1,M061,0,
2f78cc50-fcde-4ff8-a034-6233957af58b,1274,5,1,M057,0,
2f78cc50-fcde-4ff8-a034-6233957af58b,1275,5,1,M056,0,
2f78cc50-fcde-4ff8-a034-6233957af58b,1276,5,1,M070,0,
2f78cc50-fcde-4ff8-a034-6233957af58b,1277,5,1,M059,0,
2f78cc50-fcde-4ff8-a034-6233957af58b,1278,5,1,M057,0,
2f78cc50-fcde-4ff8-a034-6233957af58b,1279,5,1,M062,0,
2f78cc50-fcde-4ff8-a034-6233957af58b,1280,5,1,F062,0,
2f78cc50-fcde-4ff8-a034-6233957af58b,1281,5,1,M060,0,
2f78cc50-fcde-4ff8-a034-6233957af58b,1282,5,1,M058,0,
2f78cc50-fcde-4ff8-a034-6233957af58b,1283,5,1,M058,0,
2f78cc50-fcde-4ff8-a034-6233957af58b,1284,5,1,F065,0,
2f78cc50-fcde-4ff8-a034-6233957af58b,1285,5,1,F068,0,
2f78cc50-fcde-4ff8-a034-6233957af58b,1286,5,1,F066,0,
2f78cc50-fcde-4ff8-a034-6233957af58b,1287,5,1,M066,0,
2f78cc50-fcde-4ff8-a034-6233957af58b,1288,5,1,F070,0,
2f78cc50-fcde-4ff8-a034-6233957af58b,1289,5,1,M062,0,
2f78cc50-fcde-4ff8-a034-6233957af58b,1290,5,1,M062,0,
2f78cc50-fcde-4ff8-a034-6233957af58b,1291,5,1,F063,0,
2f78cc50-fcde-4ff8-a034-6233957af58b,1292,5,1,M056,0,
2f78cc50-fcde-4ff8-a034-6233957af58b,1293,5,1,F063,0,
2f78cc50-fcde-4ff8-a034-6233957af58b,1294,5,1,M059,0,
2f78cc50-fcde-4ff8-a034-6233957af58b,1295,5,1,F064,0,
2f78cc50-fcde-4ff8-a034-6233957af58b,1296,5,1,M062,0,
2f78cc50-fcde-4ff8-a034-6233957af58b,1297,5,1,M063,0,
2f78cc50-fcde-4ff8-a034-6233957af58b,1298,5,1,M057,0,
2f78cc50-fcde-4ff8-a034-6233957af58b,1299,5,1,M061,0,
2f78cc50-fcde-4ff8-a034-6233957af58b,1300,5,1,F061,0,
2f78cc50-fcde-4ff8-a034-6233957af58b,1301,5,1,M049,0,
2f78cc50-fcde-4ff8-a034-6233957af58b,1302,5,1,F047,0,
2f78cc50-fcde-4ff8-a034-6233957af58b,1303,5,1,M059,0,
2f78cc50-fcde-4ff8-a034-6233957af58b,1304,5,1,M061,0,
2f78cc50-fcde-4ff8-a034-6233957af58b,1305,5,1,M060,0,
2f78cc50-fcde-4ff8-a034-6233957af58b,1306,5,1,F065,0,
2f78cc50-fcde-4ff8-a034-6233957af58b,1307,5,1,F066,0,
2f78cc50-fcde-4ff8-a034-6233957af58b,1308,5,1,M060,0,
2f78cc50-fcde-4ff8-a034-6233957af58b,1309,5,1,F067,0,
2f78cc50-fcde-4ff8-a034-6233957af58b,1310,5,1,F062,0,
2f78cc50-fcde-4ff8-a034-6233957af58b,1311,5,1,M059,0,
2f78cc50-fcde-4ff8-a034-6233957af58b,1312,5,1,F067,0,
2f78cc50-fcde-4ff8-a034-6233957af58b,1313,5,1,M054,0,
2f78cc50-fcde-4ff8-a034-6233957af58b,1314,5,1,M055,0,
2f78cc50-fcde-4ff8-a034-6233957af58b,1315,5,1,F065,0,
2f78cc50-fcde-4ff8-a034-6233957af58b,1316,5,1,M060,0,
2f78cc50-fcde-4ff8-a034-6233957af58b,1317,5,1,M056,0,
2f78cc50-fcde-4ff8-a034-6233957af58b,1318,5,1,M067,0,
2f78cc50-fcde-4ff8-a034-6233957af58b,1319,5,1,M058,0,
2f78cc50-fcde-4ff8-a034-6233957af58b,1320,5,1,F081,0,
2f78cc50-fcde-4ff8-a034-6233957af58b,1321,5,1,F071,0,
2f78cc50-fcde-4ff8-a034-6233957af58b,1322,5,1,M049,0,
2f78cc50-fcde-4ff8-a034-6233957af58b,1323,5,1,F055,0,
2f78cc50-fcde-4ff8-a034-6233957af58b,1324,5,1,M053,0,
2f78cc50-fcde-4ff8-a034-6233957af58b,1325,5,1,M060,0,
2f78cc50-fcde-4ff8-a034-6233957af58b,1326,5,1,F066,0,
2f78cc50-fcde-4ff8-a034-6233957af58b,1327,5,1,M059,0,
2f78cc50-fcde-4ff8-a034-6233957af58b,1328,5,1,M057,0,
2f78cc50-fcde-4ff8-a034-6233957af58b,1329,5,1,F061,0,
2f78cc50-fcde-4ff8-a034-6233957af58b,1330,5,1,M056,0,
2f78cc50-fcde-4ff8-a034-6233957af58b,1331,5,1,F048,0,
2f78cc50-fcde-4ff8-a034-6233957af58b,1332,5,1,M047,0,
2f78cc50-fcde-4ff8-a034-6233957af58b,1333,5,1,F047,0,
2f78cc50-fcde-4ff8-a034-6233957af58b,1334,5,1,M061,0,
2f78cc50-fcde-4ff8-a034-6233957af58b,1335,5,1,M063,0,
2f78cc50-fcde-4ff8-a034-6233957af58b,1336,5,1,M060,0,
2f78cc50-fcde-4ff8-a034-6233957af58b,1337,5,1,F069,0,
2f78cc50-fcde-4ff8-a034-6233957af58b,1338,5,3,M021,0,
2f78cc50-fcde-4ff8-a034-6233957af58b,1339,5,1,F071,0,
2f78cc50-fcde-4ff8-a034-6233957af58b,1340,5,1,F067,0,
2f78cc50-fcde-4ff8-a034-6233957af58b,1341,5,1,F059,0,
2f78cc50-fcde-4ff8-a034-6233957af58b,1342,5,1,F065,0,
2f78cc50-fcde-4ff8-a034-6233957af58b,1343,5,1,M063,0,
2f78cc50-fcde-4ff8-a034-6233957af58b,1344,5,1,F061,0,
2f78cc50-fcde-4ff8-a034-6233957af58b,1345,5,1,F056,0,
2f78cc50-fcde-4ff8-a034-6233957af58b,1346,5,1,F063,0,
2f78cc50-fcde-4ff8-a034-6233957af58b,1347,5,3,F023,0,
2f78cc50-fcde-4ff8-a034-6233957af58b,1348,5,1,M060,0,
2f78cc50-fcde-4ff8-a034-6233957af58b,1349,5,1,M049,0,
2f78cc50-fcde-4ff8-a034-6233957af58b,1350,5,1,M063,0,
