skate_id,station,gear,skate,n_sablefish,haul,depth,interp_depth
Day 1_103_47,Day 1,Hooks,47,13,103,575,599.5
Day 1_103_48,Day 1,Hooks,48,17,103,575,599
Day 1_103_49,Day 1,Hooks,49,24,103,575,598.5
Day 1_103_50,Day 1,Hooks,50,13,103,575,598
Day 1_103_50,Day 1,Hooks,50,13,103,575,597.3333333333334
Day 1_103_51,Day 1,Hooks,51,17,103,575,596.6666666666666
Day 1_103_52,Day 1,Hooks,52,13,103,575,596
Day 1_103_52,Day 1,Hooks,52,13,103,575,595.25
Day 1_103_53,Day 1,Hooks,53,12,103,575,594.5
Day 1_103_54,Day 1,Hooks,54,17,103,575,593.75
Day 1_103_55,Day 1,Hooks,55,15,103,575,593
Day 1_103_55,Day 1,Hooks,55,15,103,575,592
Day 1_103_56,Day 1,Hooks,56,17,103,575,591
Day 1_103_57,Day 1,Hooks,57,19,103,575,590
Day 1_103_58,Day 1,Hooks,58,20,103,575,589
Day 1_103_59,Day 1,Hooks,59,18,103,575,588
Day 1_103_60,Day 1,Hooks,60,22,103,575,587
Day 1_103_60,Day 1,Hooks,60,22,103,575,586.3333333333334
Day 1_103_61,Day 1,Hooks,61,18,103,575,585.6666666666666
Day 1_103_62,Day 1,Hooks,62,18,103,575,585
Day 1_103_63,Day 1,Hooks,63,28,103,575,584.3333333333334
Day 1_103_64,Day 1,Hooks,64,18,103,575,583.6666666666666
Day 1_103_65,Day 1,Hooks,65,16,103,575,583
Day 1_103_65,Day 1,Hooks,65,16,103,575,582.8333333333334
Day 1_103_66,Day 1,Hooks,66,17,103,575,582.6666666666666
Day 1_103_67,Day 1,Hooks,67,21,103,575,582.5
Day 1_103_68,Day 1,Hooks,68,8,103,575,582.3333333333334
Day 1_103_69,Day 1,Hooks,69,12,103,575,582.1666666666666
Day 1_103_70,Day 1,Hooks,70,20,103,575,582
Day 1_103_70,Day 1,Hooks,70,20,103,575,581.6666666666666
Day 1_103_71,Day 1,Hooks,71,17,103,575,581.3333333333334
Day 1_103_72,Day 1,Hooks,72,14,103,575,581
Day 1_103_73,Day 1,Hooks,73,15,103,575,580.6666666666666
Day 1_103_74,Day 1,Hooks,74,12,103,575,580.3333333333334
Day 1_103_75,Day 1,Hooks,75,14,103,575,580
Day 1_103_75,Day 1,Hooks,75,14,103,575,579.6666666666666
Day 1_103_76,Day 1,Hooks,76,20,103,575,579.3333333333334
Day 1_103_77,Day 1,Hooks,77,18,103,575,579
Day 1_103_78,Day 1,Hooks,78,13,103,575,578.6666666666666
Day 1_103_79,Day 1,Hooks,79,18,103,575,578.3333333333334
Day 1_103_80,Day 1,Hooks,80,19,103,575,578
Day 1_103_80,Day 1,Hooks,80,19,103,575,578
Day 1_103_81,Day 1,Hooks,81,19,103,575,578
Day 1_103_82,Day 1,Hooks,82,21,103,575,578
Day 1_103_83,Day 1,Hooks,83,15,103,575,578
Day 1_103_84,Day 1,Hooks,84,15,103,575,578
Day 1_103_85,Day 1,Hooks,85,28,103,575,578
Day 1_103_85,Day 1,Hooks,85,28,103,575,578.6666666666666
Day 1_103_86,Day 1,Hooks,86,20,103,575,579.3333333333334
Day 1_103_87,Day 1,Hooks,87,18,103,575,580
Day 1_103_88,Day 1,Hooks,88,13,103,575,580.6666666666666
Day 1_103_89,Day 1,Hooks,89,15,103,575,581.3333333333334
Day 1_103_90,Day 1,Hooks,90,12,103,575,582
Day 1_103_90,Day 1,Hooks,90,12,103,575,582
Day 1_103_25,Day 1,Hooks,25,17,103,600,624.8333333333334
Day 1_103_26,Day 1,Hooks,26,22,103,600,623.6666666666666
Day 1_103_27,Day 1,Hooks,27,18,103,600,622.5
Day 1_103_28,Day 1,Hooks,28,27,103,600,621.3333333333334
Day 1_103_29,Day 1,Hooks,29,21,103,600,620.1666666666666
Day 1_103_30,Day 1,Hooks,30,15,103,600,619
Day 1_103_30,Day 1,Hooks,30,15,103,600,617
Day 1_103_31,Day 1,Hooks,31,21,103,600,615
Day 1_103_32,Day 1,Hooks,32,15,103,600,613
Day 1_103_33,Day 1,Hooks,33,4,103,600,611
Day 1_103_34,Day 1,Hooks,34,12,103,600,609
Day 1_103_35,Day 1,Hooks,35,26,103,600,607
Day 1_103_35,Day 1,Hooks,35,26,103,600,606.3333333333334
Day 1_103_36,Day 1,Hooks,36,19,103,600,605.6666666666666
Day 1_103_37,Day 1,Hooks,37,14,103,600,605
Day 1_103_38,Day 1,Hooks,38,15,103,600,604.3333333333334
Day 1_103_39,Day 1,Hooks,39,18,103,600,603.6666666666666
Day 1_103_40,Day 1,Hooks,40,23,103,600,603
Day 1_103_40,Day 1,Hooks,40,23,103,600,602.6666666666666
Day 1_103_41,Day 1,Hooks,41,20,103,600,602.3333333333334
Day 1_103_42,Day 1,Hooks,42,24,103,600,602
Day 1_103_43,Day 1,Hooks,43,12,103,600,601.6666666666666
Day 1_103_44,Day 1,Hooks,44,19,103,600,601.3333333333334
Day 1_103_45,Day 1,Hooks,45,15,103,600,601
Day 1_103_45,Day 1,Hooks,45,15,103,600,600.5
Day 1_103_46,Day 1,Hooks,46,16,103,600,600
Day 1_103_12,Day 1,Hooks,12,15,103,625,648.5
Day 1_103_13,Day 1,Hooks,13,16,103,625,647
Day 1_103_14,Day 1,Hooks,14,9,103,625,645.5
Day 1_103_15,Day 1,Hooks,15,15,103,625,644
Day 1_103_15,Day 1,Hooks,15,15,103,625,642.5
Day 1_103_16,Day 1,Hooks,16,25,103,625,641
Day 1_103_17,Day 1,Hooks,17,10,103,625,639.5
Day 1_103_18,Day 1,Hooks,18,21,103,625,638
Day 1_103_19,Day 1,Hooks,19,20,103,625,636.5
Day 1_103_20,Day 1,Hooks,20,11,103,625,635
Day 1_103_20,Day 1,Hooks,20,11,103,625,633.5
Day 1_103_21,Day 1,Hooks,21,19,103,625,632
Day 1_103_22,Day 1,Hooks,22,16,103,625,630.5
Day 1_103_23,Day 1,Hooks,23,23,103,625,629
Day 1_103_24,Day 1,Hooks,24,30,103,625,627.5
Day 1_103_25,Day 1,Hooks,25,17,103,625,626
Day 1_103_1,Day 1,Hooks,1,0,103,650,671
Day 1_103_1,Day 1,Hooks,1,0,103,650,669.8
Day 1_103_10,Day 1,Hooks,10,20,103,650,653
Day 1_103_10,Day 1,Hooks,10,20,103,650,651.5
Day 1_103_11,Day 1,Hooks,11,26,103,650,650
Day 1_103_2,Day 1,Hooks,2,8,103,650,668.6
Day 1_103_3,Day 1,Hooks,3,14,103,650,667.4
Day 1_103_4,Day 1,Hooks,4,9,103,650,666.2
Day 1_103_5,Day 1,Hooks,5,8,103,650,665
Day 1_103_5,Day 1,Hooks,5,8,103,650,663
Day 1_103_6,Day 1,Hooks,6,20,103,650,661
Day 1_103_7,Day 1,Hooks,7,15,103,650,659
Day 1_103_8,Day 1,Hooks,8,17,103,650,657
Day 1_103_9,Day 1,Hooks,9,27,103,650,655
Day 1_104_91,Day 1,Slinky pots,91,7,104,550,569
Day 1_104_91,Day 1,Slinky pots,91,7,104,550,569.5
Day 1_104_92,Day 1,Slinky pots,92,13,104,550,570
Day 1_104_92,Day 1,Slinky pots,92,13,104,550,570
Day 1_104_93,Day 1,Slinky pots,93,15,104,550,570
Day 1_104_93,Day 1,Slinky pots,93,15,104,550,571
Day 1_104_94,Day 1,Slinky pots,94,13,104,550,572
Day 1_104_94,Day 1,Slinky pots,94,13,104,550,572
Day 1_104_95,Day 1,Slinky pots,95,4,104,550,572
Day 1_104_95,Day 1,Slinky pots,95,4,104,550,572
Day 1_104_96,Day 1,Slinky pots,96,2,104,550,572
Day 1_104_96,Day 1,Slinky pots,96,2,104,550,573
Day 1_104_97,Day 1,Slinky pots,97,11,104,550,574
Day 1_104_100,Day 1,Slinky pots,100,0,104,575,579
Day 1_104_101,Day 1,Slinky pots,101,13,104,575,582
Day 1_104_101,Day 1,Slinky pots,101,13,104,575,581.5
Day 1_104_102,Day 1,Slinky pots,102,8,104,575,581
Day 1_104_102,Day 1,Slinky pots,102,8,104,575,581.5
Day 1_104_103,Day 1,Slinky pots,103,8,104,575,582
Day 1_104_103,Day 1,Slinky pots,103,8,104,575,582.5
Day 1_104_104,Day 1,Slinky pots,104,3,104,575,583
Day 1_104_104,Day 1,Slinky pots,104,3,104,575,583.5
Day 1_104_105,Day 1,Slinky pots,105,6,104,575,584
Day 1_104_105,Day 1,Slinky pots,105,6,104,575,585.5
Day 1_104_106,Day 1,Slinky pots,106,8,104,575,587
Day 1_104_106,Day 1,Slinky pots,106,8,104,575,587
Day 1_104_107,Day 1,Slinky pots,107,11,104,575,587
Day 1_104_107,Day 1,Slinky pots,107,11,104,575,588
Day 1_104_108,Day 1,Slinky pots,108,2,104,575,589
Day 1_104_108,Day 1,Slinky pots,108,2,104,575,589
Day 1_104_109,Day 1,Slinky pots,109,5,104,575,589
Day 1_104_109,Day 1,Slinky pots,109,5,104,575,590.5
Day 1_104_110,Day 1,Slinky pots,110,4,104,575,592
Day 1_104_110,Day 1,Slinky pots,110,4,104,575,592.5
Day 1_104_111,Day 1,Slinky pots,111,4,104,575,593
Day 1_104_111,Day 1,Slinky pots,111,4,104,575,593.5
Day 1_104_112,Day 1,Slinky pots,112,14,104,575,594
Day 1_104_112,Day 1,Slinky pots,112,14,104,575,595
Day 1_104_113,Day 1,Slinky pots,113,7,104,575,596
Day 1_104_113,Day 1,Slinky pots,113,7,104,575,597
Day 1_104_114,Day 1,Slinky pots,114,0,104,575,598
Day 1_104_115,Day 1,Slinky pots,115,5,104,575,599
Day 1_104_115,Day 1,Slinky pots,115,5,104,575,599.5
Day 1_104_97,Day 1,Slinky pots,97,11,104,575,575
Day 1_104_98,Day 1,Slinky pots,98,11,104,575,576
Day 1_104_98,Day 1,Slinky pots,98,11,104,575,577
Day 1_104_99,Day 1,Slinky pots,99,5,104,575,578
Day 1_104_99,Day 1,Slinky pots,99,5,104,575,578.5
Day 1_104_116,Day 1,Slinky pots,116,18,104,600,600
Day 1_104_116,Day 1,Slinky pots,116,18,104,600,601
Day 1_104_118,Day 1,Slinky pots,118,14,104,600,602
Day 1_104_118,Day 1,Slinky pots,118,14,104,600,604
Day 1_104_119,Day 1,Slinky pots,119,5,104,600,606
Day 1_104_119,Day 1,Slinky pots,119,5,104,600,606
Day 1_104_120,Day 1,Slinky pots,120,14,104,600,606
Day 1_104_120,Day 1,Slinky pots,120,14,104,600,606
Day 1_104_121,Day 1,Slinky pots,121,21,104,600,606
Day 1_104_121,Day 1,Slinky pots,121,21,104,600,606.5
Day 1_104_122,Day 1,Slinky pots,122,6,104,600,607
Day 1_104_122,Day 1,Slinky pots,122,6,104,600,607
Day 1_104_123,Day 1,Slinky pots,123,12,104,600,607
Day 1_104_123,Day 1,Slinky pots,123,12,104,600,607
Day 1_104_124,Day 1,Slinky pots,124,9,104,600,607
Day 1_104_124,Day 1,Slinky pots,124,9,104,600,608
Day 1_104_125,Day 1,Slinky pots,125,10,104,600,609
Day 1_104_125,Day 1,Slinky pots,125,10,104,600,610
Day 1_104_126,Day 1,Slinky pots,126,7,104,600,611
Day 1_104_126,Day 1,Slinky pots,126,7,104,600,611.5
Day 1_104_127,Day 1,Slinky pots,127,9,104,600,612
Day 1_104_127,Day 1,Slinky pots,127,9,104,600,613.5
Day 1_104_128,Day 1,Slinky pots,128,17,104,600,615
Day 1_104_128,Day 1,Slinky pots,128,17,104,600,616
Day 1_104_129,Day 1,Slinky pots,129,10,104,600,617
Day 1_104_129,Day 1,Slinky pots,129,10,104,600,618
Day 1_104_130,Day 1,Slinky pots,130,15,104,600,619
Day 1_104_130,Day 1,Slinky pots,130,15,104,600,619.5
Day 1_104_131,Day 1,Slinky pots,131,7,104,600,620
Day 1_104_131,Day 1,Slinky pots,131,7,104,600,620.5
Day 1_104_132,Day 1,Slinky pots,132,3,104,600,621
Day 1_104_132,Day 1,Slinky pots,132,3,104,600,621.5
Day 1_104_133,Day 1,Slinky pots,133,7,104,600,622
Day 1_104_133,Day 1,Slinky pots,133,7,104,600,623
Day 1_104_134,Day 1,Slinky pots,134,8,104,600,624
Day 1_104_134,Day 1,Slinky pots,134,8,104,600,624
Day 1_104_135,Day 1,Slinky pots,135,10,104,600,624
Day 1_104_135,Day 1,Slinky pots,135,10,104,600,623.5
Day 1_104_136,Day 1,Slinky pots,136,13,104,600,623
Day 1_104_136,Day 1,Slinky pots,136,13,104,600,624.5
Day 1_104_137,Day 1,Slinky pots,137,11,104,625,626
Day 1_104_137,Day 1,Slinky pots,137,11,104,625,627
Day 1_104_138,Day 1,Slinky pots,138,11,104,625,628
Day 1_104_138,Day 1,Slinky pots,138,11,104,625,629
Day 1_104_139,Day 1,Slinky pots,139,5,104,625,630
Day 1_104_139,Day 1,Slinky pots,139,5,104,625,630.5
Day 1_104_140,Day 1,Slinky pots,140,11,104,625,631
Day 1_104_140,Day 1,Slinky pots,140,11,104,625,631.5
Day 1_104_141,Day 1,Slinky pots,141,8,104,625,632
Day 1_104_141,Day 1,Slinky pots,141,8,104,625,633.5
Day 1_104_142,Day 1,Slinky pots,142,19,104,625,635
Day 1_104_142,Day 1,Slinky pots,142,19,104,625,635
Day 1_104_143,Day 1,Slinky pots,143,6,104,625,635
Day 1_104_143,Day 1,Slinky pots,143,6,104,625,636
Day 1_104_144,Day 1,Slinky pots,144,12,104,625,637
Day 1_104_144,Day 1,Slinky pots,144,12,104,625,637
Day 1_104_145,Day 1,Slinky pots,145,17,104,625,637
Day 1_104_145,Day 1,Slinky pots,145,17,104,625,637
Day 1_104_146,Day 1,Slinky pots,146,15,104,625,637
Day 1_104_146,Day 1,Slinky pots,146,15,104,625,637.5
Day 1_104_147,Day 1,Slinky pots,147,4,104,625,638
Day 1_104_147,Day 1,Slinky pots,147,4,104,625,639.5
Day 1_104_148,Day 1,Slinky pots,148,3,104,625,641
Day 1_104_148,Day 1,Slinky pots,148,3,104,625,641
Day 1_104_149,Day 1,Slinky pots,149,9,104,625,641
Day 1_104_149,Day 1,Slinky pots,149,9,104,625,642.5
Day 1_104_150,Day 1,Slinky pots,150,10,104,625,644
Day 1_104_150,Day 1,Slinky pots,150,10,104,625,645
Day 1_104_151,Day 1,Slinky pots,151,13,104,625,646
Day 1_104_151,Day 1,Slinky pots,151,13,104,625,646
Day 1_104_152,Day 1,Slinky pots,152,5,104,625,646
Day 1_104_152,Day 1,Slinky pots,152,5,104,625,646
Day 1_104_153,Day 1,Slinky pots,153,5,104,625,646
Day 1_104_153,Day 1,Slinky pots,153,5,104,625,647
Day 1_104_154,Day 1,Slinky pots,154,15,104,625,648
Day 1_104_154,Day 1,Slinky pots,154,15,104,625,648
Day 1_104_155,Day 1,Slinky pots,155,13,104,625,648
Day 1_104_155,Day 1,Slinky pots,155,13,104,625,648
Day 1_104_156,Day 1,Slinky pots,156,8,104,625,648
Day 1_104_156,Day 1,Slinky pots,156,8,104,625,647.5
Day 1_104_157,Day 1,Slinky pots,157,6,104,625,647
Day 1_104_157,Day 1,Slinky pots,157,6,104,625,647.5
Day 1_104_158,Day 1,Slinky pots,158,9,104,625,648
Day 1_104_158,Day 1,Slinky pots,158,9,104,625,648
Day 1_104_159,Day 1,Slinky pots,159,2,104,625,648
Day 1_104_159,Day 1,Slinky pots,159,2,104,625,646
Day 1_104_160,Day 1,Slinky pots,160,6,104,625,644
Day 1_104_160,Day 1,Slinky pots,160,6,104,625,642.5
Day 1_104_161,Day 1,Slinky pots,161,1,104,625,641
Day 1_104_162,Day 1,Slinky pots,162,10,104,625,644
Day 1_104_162,Day 1,Slinky pots,162,10,104,625,644
Day 1_104_163,Day 1,Slinky pots,163,4,104,625,644
Day 1_104_163,Day 1,Slinky pots,163,4,104,625,643.5
Day 1_104_164,Day 1,Slinky pots,164,15,104,625,643
Day 1_104_164,Day 1,Slinky pots,164,15,104,625,644.5
Day 1_104_165,Day 1,Slinky pots,165,8,104,625,646
Day 1_104_165,Day 1,Slinky pots,165,8,104,625,647
Day 1_104_166,Day 1,Slinky pots,166,9,104,625,648
Day 1_104_166,Day 1,Slinky pots,166,9,104,625,648
Day 1_104_167,Day 1,Slinky pots,167,4,104,625,648
Day 1_104_167,Day 1,Slinky pots,167,4,104,625,647
Day 1_104_168,Day 1,Slinky pots,168,7,104,625,646
Day 1_104_168,Day 1,Slinky pots,168,7,104,625,645
Day 1_104_169,Day 1,Slinky pots,169,4,104,625,644
Day 1_104_169,Day 1,Slinky pots,169,4,104,625,644.5
Day 1_104_170,Day 1,Slinky pots,170,7,104,625,645
Day 1_104_170,Day 1,Slinky pots,170,7,104,625,644.5
Day 1_104_171,Day 1,Slinky pots,171,3,104,625,644
Day 1_104_171,Day 1,Slinky pots,171,3,104,625,645
Day 1_104_172,Day 1,Slinky pots,172,2,104,625,646
Day 1_104_172,Day 1,Slinky pots,172,2,104,625,645
Day 1_104_173,Day 1,Slinky pots,173,8,104,625,644
Day 1_104_173,Day 1,Slinky pots,173,8,104,625,645
Day 1_104_174,Day 1,Slinky pots,174,5,104,625,646
Day 1_104_174,Day 1,Slinky pots,174,5,104,625,646
Day 1_104_175,Day 1,Slinky pots,175,7,104,625,646
Day 1_104_175,Day 1,Slinky pots,175,7,104,625,647
Day 1_104_176,Day 1,Slinky pots,176,6,104,625,648
Day 1_104_176,Day 1,Slinky pots,176,6,104,625,648
Day 1_104_177,Day 1,Slinky pots,177,5,104,625,648
Day 1_104_177,Day 1,Slinky pots,177,5,104,625,648.5
Day 1_104_178,Day 1,Slinky pots,178,9,104,625,649
Day 1_104_178,Day 1,Slinky pots,178,9,104,625,649.5
Day 1_104_179,Day 1,Slinky pots,179,4,104,625,649
Day 1_104_180,Day 1,Slinky pots,180,18,104,625,648
Day 1_104_180,Day 1,Slinky pots,180,18,104,625,649
Day 1_104_179,Day 1,Slinky pots,179,4,104,650,650
Day 1_104_181,Day 1,Slinky pots,181,2,104,650,650
Day 1_104_181,Day 1,Slinky pots,181,2,104,650,651
Day 1_104_182,Day 1,Slinky pots,182,10,104,650,652
Day 1_104_182,Day 1,Slinky pots,182,10,104,650,652
Day 1_104_183,Day 1,Slinky pots,183,7,104,650,652
Day 1_104_183,Day 1,Slinky pots,183,7,104,650,651.5
Day 1_104_184,Day 1,Slinky pots,184,8,104,650,651
Day 1_104_184,Day 1,Slinky pots,184,8,104,650,652
Day 1_104_186,Day 1,Slinky pots,186,5,104,650,654
Day 1_104_186,Day 1,Slinky pots,186,5,104,650,653.5
Day 1_104_187,Day 1,Slinky pots,187,11,104,650,653
Day 1_104_187,Day 1,Slinky pots,187,11,104,650,653
Day 1_104_188,Day 1,Slinky pots,188,14,104,650,653
Day 1_104_188,Day 1,Slinky pots,188,14,104,650,654.5
Day 1_104_189,Day 1,Slinky pots,189,5,104,650,656
Day 1_104_189,Day 1,Slinky pots,189,5,104,650,656
Day 1_104_190,Day 1,Slinky pots,190,6,104,650,656
Day 1_104_190,Day 1,Slinky pots,190,6,104,650,657
Day 1_104_191,Day 1,Slinky pots,191,13,104,650,658
Day 1_104_191,Day 1,Slinky pots,191,13,104,650,659
Day 1_104_192,Day 1,Slinky pots,192,15,104,650,660
Day 1_104_192,Day 1,Slinky pots,192,15,104,650,661.5
Day 1_104_193,Day 1,Slinky pots,193,16,104,650,663
Day 1_104_193,Day 1,Slinky pots,193,16,104,650,664
Day 1_104_194,Day 1,Slinky pots,194,4,104,650,665
Day 1_104_194,Day 1,Slinky pots,194,4,104,650,667
Day 1_104_195,Day 1,Slinky pots,195,9,104,650,669
Day 1_104_195,Day 1,Slinky pots,195,9,104,650,669
Day 1_104_196,Day 1,Slinky pots,196,6,104,650,669
Day 1_104_196,Day 1,Slinky pots,196,6,104,650,671.5
Day 1_104_197,Day 1,Slinky pots,197,5,104,650,674
Day 1_104_197,Day 1,Slinky pots,197,5,104,650,673.5
Day 1_104_199,Day 1,Slinky pots,199,4,104,650,672
Day 1_104_199,Day 1,Slinky pots,199,4,104,650,672
Day 1_104_200,Day 1,Slinky pots,200,5,104,650,672
Day 1_104_200,Day 1,Slinky pots,200,5,104,650,672
Day 1_104_201,Day 1,Slinky pots,201,4,104,650,672
Day 1_104_201,Day 1,Slinky pots,201,4,104,650,671.5
Day 1_104_202,Day 1,Slinky pots,202,15,104,650,671
Day 1_104_202,Day 1,Slinky pots,202,15,104,650,671.5
Day 1_104_203,Day 1,Slinky pots,203,7,104,650,672
Day 1_104_203,Day 1,Slinky pots,203,7,104,650,671.5
Day 1_104_204,Day 1,Slinky pots,204,10,104,650,671
Day 1_104_204,Day 1,Slinky pots,204,10,104,650,672.5
Day 1_104_205,Day 1,Slinky pots,205,7,104,650,674
Day 1_104_205,Day 1,Slinky pots,205,7,104,650,674
Day 1_104_206,Day 1,Slinky pots,206,13,104,650,674
Day 1_104_206,Day 1,Slinky pots,206,13,104,650,673.5
Day 1_104_207,Day 1,Slinky pots,207,11,104,650,673
Day 1_104_207,Day 1,Slinky pots,207,11,104,650,673.5
Day 1_104_208,Day 1,Slinky pots,208,16,104,650,674
Day 1_104_208,Day 1,Slinky pots,208,16,104,650,674.5
Day 1_104_209,Day 1,Slinky pots,209,9,104,650,674
Day 1_104_210,Day 1,Slinky pots,210,11,104,650,673
Day 1_104_210,Day 1,Slinky pots,210,11,104,650,673
Day 1_104_209,Day 1,Slinky pots,209,9,104,675,675
Day 2_105_90,Day 2,Hooks,90,17,105,500,524
Day 2_105_90,Day 2,Hooks,90,17,105,500,524
Day 2_105_28,Day 2,Hooks,28,7,105,525,547.6666666666666
Day 2_105_29,Day 2,Hooks,29,11,105,525,544.3333333333334
Day 2_105_30,Day 2,Hooks,30,18,105,525,541
Day 2_105_30,Day 2,Hooks,30,18,105,525,539.6666666666666
Day 2_105_31,Day 2,Hooks,31,15,105,525,538.3333333333334
Day 2_105_32,Day 2,Hooks,32,9,105,525,537
Day 2_105_33,Day 2,Hooks,33,7,105,525,535.6666666666666
Day 2_105_34,Day 2,Hooks,34,25,105,525,534.3333333333334
Day 2_105_35,Day 2,Hooks,35,10,105,525,533
Day 2_105_35,Day 2,Hooks,35,10,105,525,532.1666666666666
Day 2_105_36,Day 2,Hooks,36,18,105,525,531.3333333333334
Day 2_105_37,Day 2,Hooks,37,10,105,525,530.5
Day 2_105_38,Day 2,Hooks,38,17,105,525,529.6666666666666
Day 2_105_39,Day 2,Hooks,39,12,105,525,528.8333333333334
Day 2_105_40,Day 2,Hooks,40,18,105,525,528
Day 2_105_40,Day 2,Hooks,40,18,105,525,528
Day 2_105_41,Day 2,Hooks,41,13,105,525,528
Day 2_105_42,Day 2,Hooks,42,8,105,525,528
Day 2_105_43,Day 2,Hooks,43,11,105,525,528
Day 2_105_44,Day 2,Hooks,44,15,105,525,528
Day 2_105_45,Day 2,Hooks,45,17,105,525,528
Day 2_105_45,Day 2,Hooks,45,17,105,525,528.5
Day 2_105_46,Day 2,Hooks,46,11,105,525,529
Day 2_105_47,Day 2,Hooks,47,2,105,525,529.5
Day 2_105_48,Day 2,Hooks,48,9,105,525,530
Day 2_105_49,Day 2,Hooks,49,12,105,525,530.5
Day 2_105_50,Day 2,Hooks,50,17,105,525,531
Day 2_105_50,Day 2,Hooks,50,17,105,525,530.3333333333334
Day 2_105_51,Day 2,Hooks,51,18,105,525,529.6666666666666
Day 2_105_52,Day 2,Hooks,52,15,105,525,529
Day 2_105_53,Day 2,Hooks,53,14,105,525,528.3333333333334
Day 2_105_54,Day 2,Hooks,54,13,105,525,527.6666666666666
Day 2_105_55,Day 2,Hooks,55,16,105,525,527
Day 2_105_55,Day 2,Hooks,55,16,105,525,527.5
Day 2_105_56,Day 2,Hooks,56,15,105,525,528
Day 2_105_57,Day 2,Hooks,57,8,105,525,528.5
Day 2_105_58,Day 2,Hooks,58,14,105,525,529
Day 2_105_59,Day 2,Hooks,59,17,105,525,529.5
Day 2_105_60,Day 2,Hooks,60,24,105,525,530
Day 2_105_60,Day 2,Hooks,60,24,105,525,531.3333333333334
Day 2_105_61,Day 2,Hooks,61,21,105,525,532.6666666666666
Day 2_105_62,Day 2,Hooks,62,14,105,525,534
Day 2_105_63,Day 2,Hooks,63,14,105,525,535.3333333333334
Day 2_105_64,Day 2,Hooks,64,22,105,525,536.6666666666666
Day 2_105_65,Day 2,Hooks,65,20,105,525,538
Day 2_105_65,Day 2,Hooks,65,20,105,525,537.8333333333334
Day 2_105_66,Day 2,Hooks,66,19,105,525,537.6666666666666
Day 2_105_67,Day 2,Hooks,67,22,105,525,537.5
Day 2_105_68,Day 2,Hooks,68,21,105,525,537.3333333333334
Day 2_105_69,Day 2,Hooks,69,25,105,525,537.1666666666666
Day 2_105_70,Day 2,Hooks,70,19,105,525,537
Day 2_105_70,Day 2,Hooks,70,19,105,525,535.6666666666666
Day 2_105_71,Day 2,Hooks,71,16,105,525,534.3333333333334
Day 2_105_72,Day 2,Hooks,72,16,105,525,533
Day 2_105_73,Day 2,Hooks,73,24,105,525,531.6666666666666
Day 2_105_74,Day 2,Hooks,74,21,105,525,530.3333333333334
Day 2_105_75,Day 2,Hooks,75,14,105,525,529
Day 2_105_75,Day 2,Hooks,75,14,105,525,529
Day 2_105_76,Day 2,Hooks,76,19,105,525,529
Day 2_105_77,Day 2,Hooks,77,18,105,525,529
Day 2_105_78,Day 2,Hooks,78,19,105,525,529
Day 2_105_79,Day 2,Hooks,79,22,105,525,529
Day 2_105_80,Day 2,Hooks,80,24,105,525,529
Day 2_105_80,Day 2,Hooks,80,24,105,525,529.1666666666666
Day 2_105_81,Day 2,Hooks,81,26,105,525,529.3333333333334
Day 2_105_82,Day 2,Hooks,82,19,105,525,529.5
Day 2_105_83,Day 2,Hooks,83,22,105,525,529.6666666666666
Day 2_105_84,Day 2,Hooks,84,19,105,525,529.8333333333334
Day 2_105_85,Day 2,Hooks,85,24,105,525,530
Day 2_105_85,Day 2,Hooks,85,24,105,525,529
Day 2_105_86,Day 2,Hooks,86,17,105,525,528
Day 2_105_87,Day 2,Hooks,87,16,105,525,527
Day 2_105_88,Day 2,Hooks,88,15,105,525,526
Day 2_105_89,Day 2,Hooks,89,14,105,525,525
Day 2_105_10,Day 2,Hooks,10,19,105,550,572
Day 2_105_10,Day 2,Hooks,10,19,105,550,570.6666666666666
Day 2_105_11,Day 2,Hooks,11,19,105,550,569.3333333333334
Day 2_105_12,Day 2,Hooks,12,15,105,550,568
Day 2_105_13,Day 2,Hooks,13,8,105,550,566.6666666666666
Day 2_105_14,Day 2,Hooks,14,14,105,550,565.3333333333334
Day 2_105_15,Day 2,Hooks,15,10,105,550,564
Day 2_105_15,Day 2,Hooks,15,10,105,550,563
Day 2_105_16,Day 2,Hooks,16,15,105,550,562
Day 2_105_17,Day 2,Hooks,17,14,105,550,561
Day 2_105_18,Day 2,Hooks,18,12,105,550,560
Day 2_105_19,Day 2,Hooks,19,16,105,550,559
Day 2_105_20,Day 2,Hooks,20,12,105,550,558
Day 2_105_20,Day 2,Hooks,20,12,105,550,558.5
Day 2_105_21,Day 2,Hooks,21,15,105,550,559
Day 2_105_22,Day 2,Hooks,22,15,105,550,559.5
Day 2_105_23,Day 2,Hooks,23,11,105,550,560
Day 2_105_24,Day 2,Hooks,24,13,105,550,560.5
Day 2_105_25,Day 2,Hooks,25,7,105,550,561
Day 2_105_25,Day 2,Hooks,25,7,105,550,557.6666666666666
Day 2_105_26,Day 2,Hooks,26,10,105,550,554.3333333333334
Day 2_105_27,Day 2,Hooks,27,15,105,550,551
Day 2_105_1,Day 2,Hooks,1,3,105,575,597
Day 2_105_1,Day 2,Hooks,1,3,105,575,595.8
Day 2_105_2,Day 2,Hooks,2,9,105,575,594.6
Day 2_105_3,Day 2,Hooks,3,9,105,575,593.4
Day 2_105_4,Day 2,Hooks,4,13,105,575,592.2
Day 2_105_5,Day 2,Hooks,5,13,105,575,591
Day 2_105_5,Day 2,Hooks,5,13,105,575,587.8333333333334
Day 2_105_6,Day 2,Hooks,6,17,105,575,584.6666666666666
Day 2_105_7,Day 2,Hooks,7,16,105,575,581.5
Day 2_105_8,Day 2,Hooks,8,18,105,575,578.3333333333334
Day 2_105_9,Day 2,Hooks,9,23,105,575,575.1666666666666
Day 2_106_100,Day 2,Slinky pots,100,5,106,525,541
Day 2_106_100,Day 2,Slinky pots,100,5,106,525,541.5
Day 2_106_101,Day 2,Slinky pots,101,12,106,525,542
Day 2_106_101,Day 2,Slinky pots,101,12,106,525,543
Day 2_106_102,Day 2,Slinky pots,102,15,106,525,544
Day 2_106_102,Day 2,Slinky pots,102,15,106,525,545
Day 2_106_103,Day 2,Slinky pots,103,14,106,525,546
Day 2_106_103,Day 2,Slinky pots,103,14,106,525,547
Day 2_106_104,Day 2,Slinky pots,104,10,106,525,548
Day 2_106_104,Day 2,Slinky pots,104,10,106,525,548
Day 2_106_105,Day 2,Slinky pots,105,10,106,525,548
Day 2_106_105,Day 2,Slinky pots,105,10,106,525,548.5
Day 2_106_106,Day 2,Slinky pots,106,16,106,525,549
Day 2_106_106,Day 2,Slinky pots,106,16,106,525,549
Day 2_106_107,Day 2,Slinky pots,107,18,106,525,549
Day 2_106_107,Day 2,Slinky pots,107,18,106,525,549.5
Day 2_106_91,Day 2,Slinky pots,91,5,106,525,534
Day 2_106_91,Day 2,Slinky pots,91,5,106,525,534.5
Day 2_106_92,Day 2,Slinky pots,92,4,106,525,535
Day 2_106_92,Day 2,Slinky pots,92,4,106,525,535
Day 2_106_93,Day 2,Slinky pots,93,9,106,525,535
Day 2_106_93,Day 2,Slinky pots,93,9,106,525,535.5
Day 2_106_94,Day 2,Slinky pots,94,1,106,525,536
Day 2_106_94,Day 2,Slinky pots,94,1,106,525,536
Day 2_106_95,Day 2,Slinky pots,95,5,106,525,536
Day 2_106_95,Day 2,Slinky pots,95,5,106,525,536
Day 2_106_96,Day 2,Slinky pots,96,13,106,525,536
Day 2_106_96,Day 2,Slinky pots,96,13,106,525,537
Day 2_106_97,Day 2,Slinky pots,97,9,106,525,538
Day 2_106_97,Day 2,Slinky pots,97,9,106,525,538.5
Day 2_106_98,Day 2,Slinky pots,98,9,106,525,539
Day 2_106_98,Day 2,Slinky pots,98,9,106,525,539.5
Day 2_106_99,Day 2,Slinky pots,99,15,106,525,540
Day 2_106_99,Day 2,Slinky pots,99,15,106,525,540.5
Day 2_106_108,Day 2,Slinky pots,108,19,106,550,550
Day 2_106_108,Day 2,Slinky pots,108,19,106,550,550.5
Day 2_106_109,Day 2,Slinky pots,109,7,106,550,551
Day 2_106_109,Day 2,Slinky pots,109,7,106,550,551.5
Day 2_106_110,Day 2,Slinky pots,110,10,106,550,552
Day 2_106_110,Day 2,Slinky pots,110,10,106,550,553
Day 2_106_112,Day 2,Slinky pots,112,11,106,550,555
Day 2_106_112,Day 2,Slinky pots,112,11,106,550,555.5
Day 2_106_113,Day 2,Slinky pots,113,8,106,550,556
Day 2_106_113,Day 2,Slinky pots,113,8,106,550,556.5
Day 2_106_114,Day 2,Slinky pots,114,5,106,550,557
Day 2_106_114,Day 2,Slinky pots,114,5,106,550,558
Day 2_106_115,Day 2,Slinky pots,115,6,106,550,559
Day 2_106_115,Day 2,Slinky pots,115,6,106,550,559
Day 2_106_116,Day 2,Slinky pots,116,6,106,550,559
Day 2_106_116,Day 2,Slinky pots,116,6,106,550,559.5
Day 2_106_117,Day 2,Slinky pots,117,12,106,550,560
Day 2_106_117,Day 2,Slinky pots,117,12,106,550,561
Day 2_106_118,Day 2,Slinky pots,118,17,106,550,562
Day 2_106_118,Day 2,Slinky pots,118,17,106,550,562.5
Day 2_106_119,Day 2,Slinky pots,119,10,106,550,563
Day 2_106_119,Day 2,Slinky pots,119,10,106,550,563.5
Day 2_106_120,Day 2,Slinky pots,120,9,106,550,564
Day 2_106_120,Day 2,Slinky pots,120,9,106,550,565
Day 2_106_121,Day 2,Slinky pots,121,1,106,550,566
Day 2_106_122,Day 2,Slinky pots,122,12,106,550,567
Day 2_106_122,Day 2,Slinky pots,122,12,106,550,567.5
Day 2_106_123,Day 2,Slinky pots,123,11,106,550,568
Day 2_106_123,Day 2,Slinky pots,123,11,106,550,569
Day 2_106_124,Day 2,Slinky pots,124,7,106,550,570
Day 2_106_124,Day 2,Slinky pots,124,7,106,550,570.5
Day 2_106_125,Day 2,Slinky pots,125,6,106,550,571
Day 2_106_125,Day 2,Slinky pots,125,6,106,550,571.5
Day 2_106_126,Day 2,Slinky pots,126,16,106,550,572
Day 2_106_126,Day 2,Slinky pots,126,16,106,550,573
Day 2_106_127,Day 2,Slinky pots,127,13,106,550,574
Day 2_106_127,Day 2,Slinky pots,127,13,106,550,574.5
Day 2_106_128,Day 2,Slinky pots,128,16,106,575,575
Day 2_106_128,Day 2,Slinky pots,128,16,106,575,575.5
Day 2_106_129,Day 2,Slinky pots,129,10,106,575,576
Day 2_106_129,Day 2,Slinky pots,129,10,106,575,577
Day 2_106_130,Day 2,Slinky pots,130,10,106,575,578
Day 2_106_130,Day 2,Slinky pots,130,10,106,575,579
Day 2_106_131,Day 2,Slinky pots,131,7,106,575,580
Day 2_106_131,Day 2,Slinky pots,131,7,106,575,580.5
Day 2_106_133,Day 2,Slinky pots,133,17,106,575,582
Day 2_106_133,Day 2,Slinky pots,133,17,106,575,583.5
Day 2_106_134,Day 2,Slinky pots,134,10,106,575,585
Day 2_106_134,Day 2,Slinky pots,134,10,106,575,586.5
Day 2_106_136,Day 2,Slinky pots,136,7,106,575,588
Day 2_106_136,Day 2,Slinky pots,136,7,106,575,588
Day 2_106_137,Day 2,Slinky pots,137,7,106,575,588
Day 2_106_137,Day 2,Slinky pots,137,7,106,575,589
Day 2_106_138,Day 2,Slinky pots,138,17,106,575,590
Day 2_106_138,Day 2,Slinky pots,138,17,106,575,590.5
Day 2_106_139,Day 2,Slinky pots,139,20,106,575,591
Day 2_106_139,Day 2,Slinky pots,139,20,106,575,592.5
Day 2_106_140,Day 2,Slinky pots,140,8,106,575,594
Day 2_106_140,Day 2,Slinky pots,140,8,106,575,595
Day 2_106_141,Day 2,Slinky pots,141,21,106,575,596
Day 2_106_141,Day 2,Slinky pots,141,21,106,575,596.5
Day 2_106_142,Day 2,Slinky pots,142,8,106,575,597
Day 2_106_142,Day 2,Slinky pots,142,8,106,575,597
Day 2_106_143,Day 2,Slinky pots,143,13,106,575,597
Day 2_106_143,Day 2,Slinky pots,143,13,106,575,597.5
Day 2_106_144,Day 2,Slinky pots,144,14,106,575,598
Day 2_106_144,Day 2,Slinky pots,144,14,106,575,598
Day 2_106_145,Day 2,Slinky pots,145,10,106,575,598
Day 2_106_145,Day 2,Slinky pots,145,10,106,575,598.5
Day 2_106_146,Day 2,Slinky pots,146,13,106,575,599
Day 2_106_146,Day 2,Slinky pots,146,13,106,575,599
Day 2_106_147,Day 2,Slinky pots,147,1,106,575,599
Day 2_106_148,Day 2,Slinky pots,148,1,106,575,597
Day 2_106_149,Day 2,Slinky pots,149,10,106,575,598
Day 2_106_149,Day 2,Slinky pots,149,10,106,600,600
Day 2_106_150,Day 2,Slinky pots,150,19,106,600,602
Day 2_106_150,Day 2,Slinky pots,150,19,106,600,602.5
Day 2_106_151,Day 2,Slinky pots,151,6,106,600,603
Day 2_106_151,Day 2,Slinky pots,151,6,106,600,603
Day 2_106_152,Day 2,Slinky pots,152,6,106,600,603
Day 2_106_152,Day 2,Slinky pots,152,6,106,600,603.5
Day 2_106_153,Day 2,Slinky pots,153,11,106,600,604
Day 2_106_153,Day 2,Slinky pots,153,11,106,600,604
Day 2_106_154,Day 2,Slinky pots,154,2,106,600,604
Day 2_106_154,Day 2,Slinky pots,154,2,106,600,602.5
Day 2_106_155,Day 2,Slinky pots,155,14,106,600,601
Day 2_106_155,Day 2,Slinky pots,155,14,106,600,601.5
Day 2_106_156,Day 2,Slinky pots,156,1,106,600,602
Day 2_106_157,Day 2,Slinky pots,157,12,106,600,603
Day 2_106_157,Day 2,Slinky pots,157,12,106,600,604
Day 2_106_158,Day 2,Slinky pots,158,10,106,600,605
Day 2_106_158,Day 2,Slinky pots,158,10,106,600,606.5
Day 2_106_159,Day 2,Slinky pots,159,8,106,600,608
Day 2_106_159,Day 2,Slinky pots,159,8,106,600,608
Day 2_106_160,Day 2,Slinky pots,160,14,106,600,608
Day 2_106_160,Day 2,Slinky pots,160,14,106,600,607.5
Day 2_106_161,Day 2,Slinky pots,161,10,106,600,607
Day 2_106_161,Day 2,Slinky pots,161,10,106,600,606.5
Day 2_106_162,Day 2,Slinky pots,162,1,106,600,606
Day 2_106_163,Day 2,Slinky pots,163,6,106,600,607
Day 2_106_163,Day 2,Slinky pots,163,6,106,600,607
Day 2_106_164,Day 2,Slinky pots,164,10,106,600,607
Day 2_106_164,Day 2,Slinky pots,164,10,106,600,607.5
Day 2_106_165,Day 2,Slinky pots,165,6,106,600,608
Day 2_106_165,Day 2,Slinky pots,165,6,106,600,608.5
Day 2_106_166,Day 2,Slinky pots,166,14,106,600,609
Day 2_106_166,Day 2,Slinky pots,166,14,106,600,610
Day 2_106_167,Day 2,Slinky pots,167,10,106,600,611
Day 2_106_167,Day 2,Slinky pots,167,10,106,600,612
Day 2_106_168,Day 2,Slinky pots,168,12,106,600,613
Day 2_106_168,Day 2,Slinky pots,168,12,106,600,613.5
Day 2_106_169,Day 2,Slinky pots,169,7,106,600,614
Day 2_106_169,Day 2,Slinky pots,169,7,106,600,614
Day 2_106_170,Day 2,Slinky pots,170,6,106,600,614
Day 2_106_170,Day 2,Slinky pots,170,6,106,600,613.5
Day 2_106_171,Day 2,Slinky pots,171,11,106,600,613
Day 2_106_171,Day 2,Slinky pots,171,11,106,600,613
Day 2_106_172,Day 2,Slinky pots,172,12,106,600,613
Day 2_106_172,Day 2,Slinky pots,172,12,106,600,613
Day 2_106_173,Day 2,Slinky pots,173,14,106,600,613
Day 2_106_173,Day 2,Slinky pots,173,14,106,600,613.5
Day 2_106_174,Day 2,Slinky pots,174,11,106,600,614
Day 2_106_174,Day 2,Slinky pots,174,11,106,600,615
Day 2_106_175,Day 2,Slinky pots,175,10,106,600,616
Day 2_106_175,Day 2,Slinky pots,175,10,106,600,617.5
Day 2_106_176,Day 2,Slinky pots,176,8,106,600,619
Day 2_106_176,Day 2,Slinky pots,176,8,106,600,619
Day 2_106_177,Day 2,Slinky pots,177,12,106,600,619
Day 2_106_177,Day 2,Slinky pots,177,12,106,600,619
Day 2_106_178,Day 2,Slinky pots,178,14,106,600,619
Day 2_106_178,Day 2,Slinky pots,178,14,106,600,618.5
Day 2_106_179,Day 2,Slinky pots,179,8,106,600,618
Day 2_106_179,Day 2,Slinky pots,179,8,106,600,617.5
Day 2_106_180,Day 2,Slinky pots,180,6,106,600,617
Day 2_106_180,Day 2,Slinky pots,180,6,106,600,617
Day 2_106_181,Day 2,Slinky pots,181,5,106,600,617
Day 2_106_181,Day 2,Slinky pots,181,5,106,600,617
Day 2_106_182,Day 2,Slinky pots,182,14,106,600,617
Day 2_106_182,Day 2,Slinky pots,182,14,106,600,617.5
Day 2_106_183,Day 2,Slinky pots,183,7,106,600,618
Day 2_106_183,Day 2,Slinky pots,183,7,106,600,617.5
Day 2_106_184,Day 2,Slinky pots,184,19,106,600,617
Day 2_106_184,Day 2,Slinky pots,184,19,106,600,617
Day 2_106_185,Day 2,Slinky pots,185,8,106,600,617
Day 2_106_185,Day 2,Slinky pots,185,8,106,600,616.5
Day 2_106_187,Day 2,Slinky pots,187,20,106,600,616
Day 2_106_187,Day 2,Slinky pots,187,20,106,600,616
Day 2_106_188,Day 2,Slinky pots,188,7,106,600,616
Day 2_106_188,Day 2,Slinky pots,188,7,106,600,616.5
Day 2_106_189,Day 2,Slinky pots,189,2,106,600,617
Day 2_106_189,Day 2,Slinky pots,189,2,106,600,617.5
Day 2_106_190,Day 2,Slinky pots,190,12,106,600,618
Day 2_106_190,Day 2,Slinky pots,190,12,106,600,619.5
Day 2_106_191,Day 2,Slinky pots,191,4,106,600,621
Day 2_106_191,Day 2,Slinky pots,191,4,106,600,621.5
Day 2_106_194,Day 2,Slinky pots,194,9,106,600,624
Day 2_106_194,Day 2,Slinky pots,194,9,106,600,624
Day 2_106_195,Day 2,Slinky pots,195,16,106,600,624
Day 2_106_195,Day 2,Slinky pots,195,16,106,600,623.5
Day 2_106_196,Day 2,Slinky pots,196,4,106,600,623
Day 2_106_196,Day 2,Slinky pots,196,4,106,600,623
Day 2_106_197,Day 2,Slinky pots,197,18,106,600,623
Day 2_106_197,Day 2,Slinky pots,197,18,106,600,622.5
Day 2_106_198,Day 2,Slinky pots,198,5,106,600,622
Day 2_106_198,Day 2,Slinky pots,198,5,106,600,621.5
Day 2_106_199,Day 2,Slinky pots,199,16,106,600,621
Day 2_106_199,Day 2,Slinky pots,199,16,106,600,621
Day 2_106_201,Day 2,Slinky pots,201,1,106,600,621
Day 2_106_202,Day 2,Slinky pots,202,11,106,600,622
Day 2_106_202,Day 2,Slinky pots,202,11,106,600,622
Day 2_106_203,Day 2,Slinky pots,203,8,106,600,622
Day 2_106_203,Day 2,Slinky pots,203,8,106,600,622
Day 2_106_204,Day 2,Slinky pots,204,16,106,600,622
Day 2_106_204,Day 2,Slinky pots,204,16,106,600,622
Day 2_106_205,Day 2,Slinky pots,205,15,106,600,622
Day 2_106_205,Day 2,Slinky pots,205,15,106,600,622.5
Day 2_106_206,Day 2,Slinky pots,206,19,106,600,623
Day 2_106_206,Day 2,Slinky pots,206,19,106,600,623
Day 2_106_207,Day 2,Slinky pots,207,0,106,600,623
Day 2_106_208,Day 2,Slinky pots,208,6,106,600,622
Day 2_106_208,Day 2,Slinky pots,208,6,106,600,622
Day 2_106_209,Day 2,Slinky pots,209,8,106,600,622
Day 2_106_209,Day 2,Slinky pots,209,8,106,600,622
Day 2_106_210,Day 2,Slinky pots,210,21,106,600,622
Day 2_106_210,Day 2,Slinky pots,210,21,106,600,622
Day 3_107_80,Day 3,Hooks,80,19,107,450,471
Day 3_107_80,Day 3,Hooks,80,19,107,450,470.8333333333333
Day 3_107_81,Day 3,Hooks,81,17,107,450,470.6666666666667
Day 3_107_82,Day 3,Hooks,82,10,107,450,470.5
Day 3_107_83,Day 3,Hooks,83,20,107,450,470.3333333333333
Day 3_107_84,Day 3,Hooks,84,20,107,450,470.1666666666667
Day 3_107_85,Day 3,Hooks,85,10,107,450,470
Day 3_107_85,Day 3,Hooks,85,10,107,450,470.1666666666667
Day 3_107_86,Day 3,Hooks,86,6,107,450,470.3333333333333
Day 3_107_87,Day 3,Hooks,87,14,107,450,470.5
Day 3_107_88,Day 3,Hooks,88,6,107,450,470.6666666666667
Day 3_107_89,Day 3,Hooks,89,25,107,450,470.8333333333333
Day 3_107_90,Day 3,Hooks,90,12,107,450,471
Day 3_107_90,Day 3,Hooks,90,12,107,450,470
Day 3_107_90,Day 3,Hooks,90,12,107,450,469
Day 3_107_59,Day 3,Hooks,59,15,107,475,499.3333333333333
Day 3_107_60,Day 3,Hooks,60,14,107,475,498
Day 3_107_60,Day 3,Hooks,60,14,107,475,497.3333333333333
Day 3_107_61,Day 3,Hooks,61,19,107,475,496.6666666666667
Day 3_107_62,Day 3,Hooks,62,24,107,475,496
Day 3_107_63,Day 3,Hooks,63,22,107,475,495.3333333333333
Day 3_107_64,Day 3,Hooks,64,15,107,475,494.6666666666667
Day 3_107_65,Day 3,Hooks,65,10,107,475,494
Day 3_107_65,Day 3,Hooks,65,10,107,475,493.8333333333333
Day 3_107_66,Day 3,Hooks,66,13,107,475,493.6666666666667
Day 3_107_67,Day 3,Hooks,67,18,107,475,493.5
Day 3_107_68,Day 3,Hooks,68,11,107,475,493.3333333333333
Day 3_107_69,Day 3,Hooks,69,20,107,475,493.1666666666667
Day 3_107_70,Day 3,Hooks,70,11,107,475,493
Day 3_107_70,Day 3,Hooks,70,11,107,475,494.6666666666667
Day 3_107_71,Day 3,Hooks,71,5,107,475,496.3333333333333
Day 3_107_72,Day 3,Hooks,72,11,107,475,498
Day 3_107_73,Day 3,Hooks,73,13,107,475,499.6666666666667
Day 3_107_75,Day 3,Hooks,75,8,107,475,497.6666666666667
Day 3_107_76,Day 3,Hooks,76,18,107,475,492.3333333333333
Day 3_107_77,Day 3,Hooks,77,10,107,475,487
Day 3_107_78,Day 3,Hooks,78,9,107,475,481.6666666666667
Day 3_107_79,Day 3,Hooks,79,24,107,475,476.3333333333333
Day 3_107_36,Day 3,Hooks,36,20,107,500,523.6666666666666
Day 3_107_37,Day 3,Hooks,37,14,107,500,521
Day 3_107_38,Day 3,Hooks,38,18,107,500,518.3333333333334
Day 3_107_39,Day 3,Hooks,39,25,107,500,515.6666666666666
Day 3_107_40,Day 3,Hooks,40,19,107,500,513
Day 3_107_40,Day 3,Hooks,40,19,107,500,511.3333333333333
Day 3_107_41,Day 3,Hooks,41,15,107,500,509.6666666666667
Day 3_107_42,Day 3,Hooks,42,14,107,500,508
Day 3_107_43,Day 3,Hooks,43,19,107,500,506.3333333333333
Day 3_107_44,Day 3,Hooks,44,14,107,500,504.6666666666667
Day 3_107_45,Day 3,Hooks,45,17,107,500,503
Day 3_107_45,Day 3,Hooks,45,17,107,500,503.6666666666667
Day 3_107_46,Day 3,Hooks,46,13,107,500,504.3333333333333
Day 3_107_47,Day 3,Hooks,47,9,107,500,505
Day 3_107_48,Day 3,Hooks,48,12,107,500,505.6666666666667
Day 3_107_49,Day 3,Hooks,49,15,107,500,506.3333333333333
Day 3_107_50,Day 3,Hooks,50,17,107,500,507
Day 3_107_50,Day 3,Hooks,50,17,107,500,506.8333333333333
Day 3_107_51,Day 3,Hooks,51,22,107,500,506.6666666666667
Day 3_107_52,Day 3,Hooks,52,21,107,500,506.5
Day 3_107_53,Day 3,Hooks,53,26,107,500,506.3333333333333
Day 3_107_54,Day 3,Hooks,54,24,107,500,506.1666666666667
Day 3_107_55,Day 3,Hooks,55,17,107,500,506
Day 3_107_55,Day 3,Hooks,55,17,107,500,504.6666666666667
Day 3_107_56,Day 3,Hooks,56,24,107,500,503.3333333333333
Day 3_107_57,Day 3,Hooks,57,19,107,500,502
Day 3_107_58,Day 3,Hooks,58,21,107,500,500.6666666666667
Day 3_107_74,Day 3,Hooks,74,6,107,500,501.3333333333333
Day 3_107_75,Day 3,Hooks,75,8,107,500,503
Day 3_107_28,Day 3,Hooks,28,9,107,525,548.6666666666666
Day 3_107_29,Day 3,Hooks,29,12,107,525,545.8333333333334
Day 3_107_30,Day 3,Hooks,30,8,107,525,543
Day 3_107_30,Day 3,Hooks,30,8,107,525,540.6666666666666
Day 3_107_31,Day 3,Hooks,31,16,107,525,538.3333333333334
Day 3_107_32,Day 3,Hooks,32,17,107,525,536
Day 3_107_33,Day 3,Hooks,33,27,107,525,533.6666666666666
Day 3_107_34,Day 3,Hooks,34,17,107,525,531.3333333333334
Day 3_107_35,Day 3,Hooks,35,18,107,525,529
Day 3_107_35,Day 3,Hooks,35,18,107,525,526.3333333333334
Day 3_107_21,Day 3,Hooks,21,29,107,550,572.6666666666666
Day 3_107_22,Day 3,Hooks,22,30,107,550,569.5
Day 3_107_23,Day 3,Hooks,23,21,107,550,566.3333333333334
Day 3_107_24,Day 3,Hooks,24,16,107,550,563.1666666666666
Day 3_107_25,Day 3,Hooks,25,18,107,550,560
Day 3_107_25,Day 3,Hooks,25,18,107,550,557.1666666666666
Day 3_107_26,Day 3,Hooks,26,21,107,550,554.3333333333334
Day 3_107_27,Day 3,Hooks,27,16,107,550,551.5
Day 3_107_13,Day 3,Hooks,13,27,107,575,598
Day 3_107_14,Day 3,Hooks,14,21,107,575,595.5
Day 3_107_15,Day 3,Hooks,15,18,107,575,593
Day 3_107_15,Day 3,Hooks,15,18,107,575,590.6666666666666
Day 3_107_16,Day 3,Hooks,16,19,107,575,588.3333333333334
Day 3_107_17,Day 3,Hooks,17,12,107,575,586
Day 3_107_18,Day 3,Hooks,18,25,107,575,583.6666666666666
Day 3_107_19,Day 3,Hooks,19,29,107,575,581.3333333333334
Day 3_107_20,Day 3,Hooks,20,14,107,575,579
Day 3_107_20,Day 3,Hooks,20,14,107,575,575.8333333333334
Day 3_107_10,Day 3,Hooks,10,28,107,600,608
Day 3_107_10,Day 3,Hooks,10,28,107,600,605.5
Day 3_107_11,Day 3,Hooks,11,20,107,600,603
Day 3_107_12,Day 3,Hooks,12,14,107,600,600.5
Day 3_107_4,Day 3,Hooks,4,9,107,600,622.6
Day 3_107_5,Day 3,Hooks,5,21,107,600,620
Day 3_107_5,Day 3,Hooks,5,21,107,600,618
Day 3_107_6,Day 3,Hooks,6,25,107,600,616
Day 3_107_7,Day 3,Hooks,7,21,107,600,614
Day 3_107_8,Day 3,Hooks,8,16,107,600,612
Day 3_107_9,Day 3,Hooks,9,9,107,600,610
Day 3_107_1,Day 3,Hooks,1,3,107,625,633
Day 3_107_1,Day 3,Hooks,1,3,107,625,630.4
Day 3_107_2,Day 3,Hooks,2,7,107,625,627.8
Day 3_107_3,Day 3,Hooks,3,10,107,625,625.2
Day 3_108_96,Day 3,Slinky pots,96,6,108,500,522
Day 3_108_96,Day 3,Slinky pots,96,6,108,500,517
Day 3_108_98,Day 3,Slinky pots,98,6,108,500,511
Day 3_108_98,Day 3,Slinky pots,98,6,108,500,514.5
Day 3_108_99,Day 3,Slinky pots,99,2,108,500,518
Day 3_108_101,Day 3,Slinky pots,101,5,108,525,546
Day 3_108_101,Day 3,Slinky pots,101,5,108,525,547
Day 3_108_102,Day 3,Slinky pots,102,5,108,525,548
Day 3_108_91,Day 3,Slinky pots,91,18,108,525,531
Day 3_108_91,Day 3,Slinky pots,91,18,108,525,531.5
Day 3_108_92,Day 3,Slinky pots,92,12,108,525,532
Day 3_108_92,Day 3,Slinky pots,92,12,108,525,532.5
Day 3_108_93,Day 3,Slinky pots,93,12,108,525,533
Day 3_108_93,Day 3,Slinky pots,93,12,108,525,531
Day 3_108_94,Day 3,Slinky pots,94,0,108,525,529
Day 3_108_95,Day 3,Slinky pots,95,4,108,525,531
Day 3_108_95,Day 3,Slinky pots,95,4,108,525,526.5
Day 3_108_99,Day 3,Slinky pots,99,2,108,525,526.5
Day 3_108_102,Day 3,Slinky pots,102,5,108,550,550.5
Day 3_108_104,Day 3,Slinky pots,104,11,108,550,564
Day 3_108_104,Day 3,Slinky pots,104,11,108,550,564
Day 3_108_105,Day 3,Slinky pots,105,12,108,550,564
Day 3_108_105,Day 3,Slinky pots,105,12,108,550,563.5
Day 3_108_106,Day 3,Slinky pots,106,6,108,550,563
Day 3_108_106,Day 3,Slinky pots,106,6,108,550,566
Day 3_108_107,Day 3,Slinky pots,107,5,108,550,569
Day 3_108_107,Day 3,Slinky pots,107,5,108,550,573
Day 3_108_121,Day 3,Slinky pots,121,18,108,550,572
Day 3_108_122,Day 3,Slinky pots,122,20,108,550,566
Day 3_108_122,Day 3,Slinky pots,122,20,108,550,564
Day 3_108_125,Day 3,Slinky pots,125,14,108,550,559
Day 3_108_125,Day 3,Slinky pots,125,14,108,550,558.5
Day 3_108_126,Day 3,Slinky pots,126,18,108,550,558
Day 3_108_126,Day 3,Slinky pots,126,18,108,550,556.5
Day 3_108_127,Day 3,Slinky pots,127,5,108,550,555
Day 3_108_127,Day 3,Slinky pots,127,5,108,550,554
Day 3_108_128,Day 3,Slinky pots,128,16,108,550,553
Day 3_108_128,Day 3,Slinky pots,128,16,108,550,553
Day 3_108_129,Day 3,Slinky pots,129,12,108,550,553
Day 3_108_129,Day 3,Slinky pots,129,12,108,550,553
Day 3_108_130,Day 3,Slinky pots,130,10,108,550,553
Day 3_108_130,Day 3,Slinky pots,130,10,108,550,553.5
Day 3_108_131,Day 3,Slinky pots,131,12,108,550,554
Day 3_108_131,Day 3,Slinky pots,131,12,108,550,556
Day 3_108_132,Day 3,Slinky pots,132,3,108,550,558
Day 3_108_132,Day 3,Slinky pots,132,3,108,550,560.5
Day 3_108_133,Day 3,Slinky pots,133,5,108,550,563
Day 3_108_133,Day 3,Slinky pots,133,5,108,550,563
Day 3_108_134,Day 3,Slinky pots,134,10,108,550,563
Day 3_108_134,Day 3,Slinky pots,134,10,108,550,562
Day 3_108_135,Day 3,Slinky pots,135,15,108,550,561
Day 3_108_135,Day 3,Slinky pots,135,15,108,550,562
Day 3_108_136,Day 3,Slinky pots,136,7,108,550,563
Day 3_108_136,Day 3,Slinky pots,136,7,108,550,567
Day 3_108_137,Day 3,Slinky pots,137,12,108,550,571
Day 3_108_137,Day 3,Slinky pots,137,12,108,550,572
Day 3_108_138,Day 3,Slinky pots,138,16,108,550,573
Day 3_108_138,Day 3,Slinky pots,138,16,108,550,573
Day 3_108_140,Day 3,Slinky pots,140,2,108,550,571
Day 3_108_140,Day 3,Slinky pots,140,2,108,550,571
Day 3_108_141,Day 3,Slinky pots,141,15,108,550,571
Day 3_108_141,Day 3,Slinky pots,141,15,108,550,572.5
Day 3_108_143,Day 3,Slinky pots,143,12,108,550,573.5
Day 3_108_144,Day 3,Slinky pots,144,6,108,550,571
Day 3_108_144,Day 3,Slinky pots,144,6,108,550,571.5
Day 3_108_145,Day 3,Slinky pots,145,5,108,550,572
Day 3_108_145,Day 3,Slinky pots,145,5,108,550,573
Day 3_108_146,Day 3,Slinky pots,146,14,108,550,574
Day 3_108_146,Day 3,Slinky pots,146,14,108,550,574.5
Day 3_108_108,Day 3,Slinky pots,108,10,108,575,577
Day 3_108_108,Day 3,Slinky pots,108,10,108,575,578
Day 3_108_109,Day 3,Slinky pots,109,1,108,575,579
Day 3_108_110,Day 3,Slinky pots,110,14,108,575,582
Day 3_108_110,Day 3,Slinky pots,110,14,108,575,582.5
Day 3_108_111,Day 3,Slinky pots,111,15,108,575,583
Day 3_108_111,Day 3,Slinky pots,111,15,108,575,583
Day 3_108_112,Day 3,Slinky pots,112,16,108,575,583
Day 3_108_112,Day 3,Slinky pots,112,16,108,575,583.5
Day 3_108_113,Day 3,Slinky pots,113,7,108,575,584
Day 3_108_113,Day 3,Slinky pots,113,7,108,575,585
Day 3_108_114,Day 3,Slinky pots,114,11,108,575,586
Day 3_108_114,Day 3,Slinky pots,114,11,108,575,586.5
Day 3_108_115,Day 3,Slinky pots,115,11,108,575,587
Day 3_108_115,Day 3,Slinky pots,115,11,108,575,588
Day 3_108_116,Day 3,Slinky pots,116,6,108,575,589
Day 3_108_116,Day 3,Slinky pots,116,6,108,575,590
Day 3_108_117,Day 3,Slinky pots,117,7,108,575,591
Day 3_108_117,Day 3,Slinky pots,117,7,108,575,591.5
Day 3_108_119,Day 3,Slinky pots,119,2,108,575,593
Day 3_108_119,Day 3,Slinky pots,119,2,108,575,593
Day 3_108_120,Day 3,Slinky pots,120,8,108,575,593
Day 3_108_120,Day 3,Slinky pots,120,8,108,575,585.5
Day 3_108_121,Day 3,Slinky pots,121,18,108,575,578
Day 3_108_143,Day 3,Slinky pots,143,12,108,575,576
Day 3_108_147,Day 3,Slinky pots,147,7,108,575,575
Day 3_108_147,Day 3,Slinky pots,147,7,108,575,575.5
Day 3_108_148,Day 3,Slinky pots,148,11,108,575,576
Day 3_108_148,Day 3,Slinky pots,148,11,108,575,577
Day 3_108_149,Day 3,Slinky pots,149,5,108,575,578
Day 3_108_149,Day 3,Slinky pots,149,5,108,575,579
Day 3_108_150,Day 3,Slinky pots,150,3,108,575,580
Day 3_108_150,Day 3,Slinky pots,150,3,108,575,581.5
Day 3_108_151,Day 3,Slinky pots,151,2,108,575,583
Day 3_108_151,Day 3,Slinky pots,151,2,108,575,584
Day 3_108_152,Day 3,Slinky pots,152,5,108,575,585
Day 3_108_152,Day 3,Slinky pots,152,5,108,575,584.5
Day 3_108_153,Day 3,Slinky pots,153,7,108,575,584
Day 3_108_153,Day 3,Slinky pots,153,7,108,575,584
Day 3_108_154,Day 3,Slinky pots,154,4,108,575,584
Day 3_108_154,Day 3,Slinky pots,154,4,108,575,585
Day 3_108_155,Day 3,Slinky pots,155,4,108,575,586
Day 3_108_155,Day 3,Slinky pots,155,4,108,575,589
Day 3_108_156,Day 3,Slinky pots,156,5,108,575,592
Day 3_108_156,Day 3,Slinky pots,156,5,108,575,593
Day 3_108_157,Day 3,Slinky pots,157,9,108,575,594
Day 3_108_157,Day 3,Slinky pots,157,9,108,575,594
Day 3_108_158,Day 3,Slinky pots,158,10,108,575,594
Day 3_108_158,Day 3,Slinky pots,158,10,108,575,594.5
Day 3_108_159,Day 3,Slinky pots,159,7,108,575,595
Day 3_108_159,Day 3,Slinky pots,159,7,108,575,594.5
Day 3_108_160,Day 3,Slinky pots,160,3,108,575,594
Day 3_108_160,Day 3,Slinky pots,160,3,108,575,595.5
Day 3_108_161,Day 3,Slinky pots,161,11,108,575,597
Day 3_108_161,Day 3,Slinky pots,161,11,108,575,598.5
Day 3_108_162,Day 3,Slinky pots,162,8,108,575,599
Day 3_108_163,Day 3,Slinky pots,163,12,108,575,598
Day 3_108_163,Day 3,Slinky pots,163,12,108,575,598
Day 3_108_164,Day 3,Slinky pots,164,6,108,575,598
Day 3_108_164,Day 3,Slinky pots,164,6,108,575,598.5
Day 3_108_165,Day 3,Slinky pots,165,11,108,575,599
Day 3_108_162,Day 3,Slinky pots,162,8,108,600,600
Day 3_108_165,Day 3,Slinky pots,165,11,108,600,602
Day 3_108_166,Day 3,Slinky pots,166,10,108,600,605
Day 3_108_166,Day 3,Slinky pots,166,10,108,600,606.5
Day 3_108_167,Day 3,Slinky pots,167,7,108,600,608
Day 3_108_167,Day 3,Slinky pots,167,7,108,600,608
Day 3_108_170,Day 3,Slinky pots,170,13,108,600,613
Day 3_108_170,Day 3,Slinky pots,170,13,108,600,615.5
Day 3_108_171,Day 3,Slinky pots,171,21,108,600,618
Day 3_108_171,Day 3,Slinky pots,171,21,108,600,621
Day 3_108_173,Day 3,Slinky pots,173,12,108,625,626
Day 3_108_173,Day 3,Slinky pots,173,12,108,625,629
Day 3_108_174,Day 3,Slinky pots,174,9,108,625,632
Day 3_108_174,Day 3,Slinky pots,174,9,108,625,634
Day 3_108_175,Day 3,Slinky pots,175,9,108,625,636
Day 3_108_175,Day 3,Slinky pots,175,9,108,625,636.5
Day 3_108_177,Day 3,Slinky pots,177,5,108,625,638
Day 3_108_177,Day 3,Slinky pots,177,5,108,625,638
Day 3_108_178,Day 3,Slinky pots,178,11,108,625,638
Day 3_108_178,Day 3,Slinky pots,178,11,108,625,637.5
Day 3_108_180,Day 3,Slinky pots,180,12,108,625,638
Day 3_108_180,Day 3,Slinky pots,180,12,108,625,638.5
Day 3_108_181,Day 3,Slinky pots,181,9,108,625,639
Day 3_108_181,Day 3,Slinky pots,181,9,108,625,638.5
Day 3_108_182,Day 3,Slinky pots,182,10,108,625,638
Day 3_108_182,Day 3,Slinky pots,182,10,108,625,639
Day 3_108_184,Day 3,Slinky pots,184,8,108,625,641
Day 3_108_184,Day 3,Slinky pots,184,8,108,625,641.5
Day 3_108_185,Day 3,Slinky pots,185,19,108,625,642
Day 3_108_185,Day 3,Slinky pots,185,19,108,625,643.5
Day 3_108_186,Day 3,Slinky pots,186,8,108,625,645
Day 3_108_186,Day 3,Slinky pots,186,8,108,625,645.5
Day 3_108_187,Day 3,Slinky pots,187,9,108,625,646
Day 3_108_187,Day 3,Slinky pots,187,9,108,625,646.5
Day 3_108_188,Day 3,Slinky pots,188,20,108,625,647
Day 3_108_188,Day 3,Slinky pots,188,20,108,625,647.5
Day 3_108_189,Day 3,Slinky pots,189,11,108,625,648
Day 3_108_189,Day 3,Slinky pots,189,11,108,625,649
Day 3_108_195,Day 3,Slinky pots,195,16,108,625,649
Day 3_108_196,Day 3,Slinky pots,196,13,108,625,648
Day 3_108_196,Day 3,Slinky pots,196,13,108,625,648
Day 3_108_197,Day 3,Slinky pots,197,7,108,625,648
Day 3_108_197,Day 3,Slinky pots,197,7,108,625,648.5
Day 3_108_199,Day 3,Slinky pots,199,9,108,625,649.5
Day 3_108_200,Day 3,Slinky pots,200,11,108,625,649
Day 3_108_200,Day 3,Slinky pots,200,11,108,625,649.5
Day 3_108_190,Day 3,Slinky pots,190,10,108,650,650
Day 3_108_190,Day 3,Slinky pots,190,10,108,650,650.5
Day 3_108_191,Day 3,Slinky pots,191,11,108,650,651
Day 3_108_191,Day 3,Slinky pots,191,11,108,650,651.5
Day 3_108_192,Day 3,Slinky pots,192,7,108,650,652
Day 3_108_192,Day 3,Slinky pots,192,7,108,650,653
Day 3_108_193,Day 3,Slinky pots,193,8,108,650,654
Day 3_108_193,Day 3,Slinky pots,193,8,108,650,653.5
Day 3_108_194,Day 3,Slinky pots,194,5,108,650,653
Day 3_108_194,Day 3,Slinky pots,194,5,108,650,651.5
Day 3_108_195,Day 3,Slinky pots,195,16,108,650,650
Day 3_108_199,Day 3,Slinky pots,199,9,108,650,650
Day 3_108_201,Day 3,Slinky pots,201,7,108,650,650
Day 3_108_201,Day 3,Slinky pots,201,7,108,650,650
Day 3_108_202,Day 3,Slinky pots,202,15,108,650,650
Day 3_108_202,Day 3,Slinky pots,202,15,108,650,650.5
Day 3_108_204,Day 3,Slinky pots,204,1,108,650,652
Day 3_108_205,Day 3,Slinky pots,205,6,108,650,652
Day 3_108_205,Day 3,Slinky pots,205,6,108,650,652.5
Day 3_108_206,Day 3,Slinky pots,206,12,108,650,653
Day 3_108_206,Day 3,Slinky pots,206,12,108,650,653
Day 3_108_207,Day 3,Slinky pots,207,8,108,650,653
Day 3_108_207,Day 3,Slinky pots,207,8,108,650,653
Day 3_108_209,Day 3,Slinky pots,209,8,108,650,653
Day 3_108_209,Day 3,Slinky pots,209,8,108,650,652.5
