gear,station,haul,time,depth,skate,species_code,depredation
POT,202,106,2:53:25 PM,587,91,19,0
POT,202,106,3:19:12 PM,0,91,3,0
POT,202,106,3:20:24 PM,0,91,3,0
POT,202,106,3:20:25 PM,0,91,3,0
POT,202,106,3:20:26 PM,0,91,3,0
POT,202,106,3:20:27 PM,0,91,3,0
POT,202,106,3:20:29 PM,0,91,3,0
POT,202,106,3:20:30 PM,0,91,3,0
POT,202,106,3:20:31 PM,0,91,3,0
POT,202,106,3:20:33 PM,0,91,3,0
POT,202,106,3:20:34 PM,0,91,3,0
POT,202,106,3:20:35 PM,0,91,3,0
POT,202,106,3:20:36 PM,0,91,3,0
POT,202,106,3:20:38 PM,0,91,3,0
POT,202,106,3:20:39 PM,0,91,3,0
POT,202,106,3:20:52 PM,0,91,3,0
POT,202,106,3:20:54 PM,0,91,3,0
POT,202,106,3:20:56 PM,0,91,3,0
POT,202,106,3:21:37 PM,0,92,19,0
POT,202,106,3:22:10 PM,0,92,3,0
POT,202,106,3:22:18 PM,0,92,3,0
POT,202,106,3:22:20 PM,0,92,3,0
POT,202,106,3:22:21 PM,0,92,3,0
POT,202,106,3:22:22 PM,0,92,3,0
POT,202,106,3:22:23 PM,0,92,3,0
POT,202,106,3:22:25 PM,0,92,3,0
POT,202,106,3:22:29 PM,0,92,3,0
POT,202,106,3:22:31 PM,0,92,3,0
POT,202,106,3:22:32 PM,0,92,3,0
POT,202,106,3:22:33 PM,0,92,3,0
POT,202,106,3:22:41 PM,0,92,3,0
POT,202,106,3:22:44 PM,0,92,5,0
POT,202,106,3:22:50 PM,0,92,3,0
POT,202,106,3:22:54 PM,0,93,19,0
POT,202,106,3:23:27 PM,0,93,3,0
POT,202,106,3:24:19 PM,0,93,3,0
POT,202,106,3:24:53 PM,0,93,3,0
POT,202,106,3:24:54 PM,0,93,3,0
POT,202,106,3:24:55 PM,0,93,3,0
POT,202,106,3:24:56 PM,0,93,3,0
POT,202,106,3:24:57 PM,0,93,3,0
POT,202,106,3:24:58 PM,0,93,3,0
POT,202,106,3:25:01 PM,0,93,3,0
POT,202,106,3:25:02 PM,0,93,3,0
POT,202,106,3:25:10 PM,0,93,3,0
POT,202,106,3:25:12 PM,0,93,3,0
POT,202,106,3:25:13 PM,0,93,3,0
POT,202,106,3:25:14 PM,0,93,3,0
POT,202,106,3:25:16 PM,0,93,3,0
POT,202,106,3:25:22 PM,0,94,19,0
POT,202,106,3:25:28 PM,0,94,3,0
POT,202,106,3:26:12 PM,0,94,3,0
POT,202,106,3:26:30 PM,0,94,3,0
POT,202,106,3:26:31 PM,0,94,3,0
POT,202,106,3:26:32 PM,0,94,3,0
POT,202,106,3:26:33 PM,0,94,3,0
POT,202,106,3:26:36 PM,0,94,3,0
POT,202,106,3:26:38 PM,0,94,3,0
POT,202,106,3:26:39 PM,0,94,3,0
POT,202,106,3:26:40 PM,0,94,3,0
POT,202,106,3:26:42 PM,0,94,3,0
POT,202,106,3:26:45 PM,0,94,3,0
POT,202,106,3:26:53 PM,0,94,3,0
POT,202,106,3:26:55 PM,0,94,3,0
POT,202,106,3:26:58 PM,0,95,19,0
POT,202,106,3:27:28 PM,0,95,3,0
POT,202,106,3:28:00 PM,0,95,3,0
POT,202,106,3:28:30 PM,0,95,3,0
POT,202,106,3:28:33 PM,0,95,3,0
POT,202,106,3:28:34 PM,0,95,3,0
POT,202,106,3:28:35 PM,585,95,3,0
POT,202,106,3:28:36 PM,0,96,3,1
POT,202,106,3:30:09 PM,0,96,3,0
POT,202,106,3:31:27 PM,0,97,3,0
POT,202,106,3:32:46 PM,0,97,3,0
POT,202,106,3:33:00 PM,0,97,3,0
POT,202,106,3:33:01 PM,0,97,3,0
POT,202,106,3:33:03 PM,0,98,3,1
POT,202,106,3:34:32 PM,0,99,3,0
POT,202,106,3:37:41 PM,0,99,3,0
POT,202,106,3:37:42 PM,0,99,3,0
POT,202,106,3:37:45 PM,0,99,3,0
POT,202,106,3:37:46 PM,0,99,3,0
POT,202,106,3:37:47 PM,0,99,3,0
POT,202,106,3:37:49 PM,0,99,5,0
POT,202,106,3:37:50 PM,0,99,3,0
POT,202,106,3:37:52 PM,0,99,3,0
POT,202,106,3:37:54 PM,0,99,3,0
POT,202,106,3:37:55 PM,0,99,3,0
POT,202,106,3:37:56 PM,0,99,3,0
POT,202,106,3:37:57 PM,0,99,3,0
POT,202,106,3:37:59 PM,0,99,3,0
POT,202,106,3:38:15 PM,0,99,3,0
POT,202,106,3:38:28 PM,591,100,3,1
POT,202,106,3:39:29 PM,0,100,3,1
POT,202,106,3:39:33 PM,0,100,3,0
POT,202,106,3:39:37 PM,0,100,3,0
POT,202,106,3:39:38 PM,0,100,3,0
POT,202,106,3:39:39 PM,0,100,3,0
POT,202,106,3:39:40 PM,0,100,3,0
POT,202,106,3:39:42 PM,0,100,3,0
POT,202,106,3:39:43 PM,0,100,3,0
POT,202,106,3:39:44 PM,0,100,3,0
POT,202,106,3:39:45 PM,0,100,3,0
POT,202,106,3:39:46 PM,0,100,3,0
POT,202,106,3:39:47 PM,0,100,3,0
POT,202,106,3:40:00 PM,0,100,3,0
POT,202,106,3:40:01 PM,0,100,3,0
POT,202,106,3:40:03 PM,0,100,3,0
POT,202,106,3:40:04 PM,0,100,3,0
POT,202,106,3:40:08 PM,0,100,3,0
POT,202,106,3:40:18 PM,0,100,3,0
POT,202,106,3:40:20 PM,0,101,3,0
POT,202,106,3:42:04 PM,0,101,3,0
POT,202,106,3:42:09 PM,0,101,3,0
POT,202,106,3:42:11 PM,0,101,3,0
POT,202,106,3:42:12 PM,0,101,3,0
POT,202,106,3:42:24 PM,0,101,3,0
POT,202,106,3:42:26 PM,0,101,3,0
POT,202,106,3:42:27 PM,0,101,3,0
POT,202,106,3:42:28 PM,0,101,3,0
POT,202,106,3:42:41 PM,0,102,3,0
POT,202,106,3:44:05 PM,0,102,3,0
POT,202,106,3:44:06 PM,0,102,3,0
POT,202,106,3:44:16 PM,0,102,3,0
POT,202,106,3:44:22 PM,0,102,3,0
POT,202,106,3:44:27 PM,0,102,3,0
POT,202,106,3:44:28 PM,0,103,3,0
POT,202,106,3:46:04 PM,0,103,3,0
POT,202,106,3:46:05 PM,0,103,3,0
POT,202,106,3:46:07 PM,0,103,3,0
POT,202,106,3:46:10 PM,0,103,3,0
POT,202,106,3:46:13 PM,0,103,3,0
POT,202,106,3:46:15 PM,0,103,3,0
POT,202,106,3:46:18 PM,0,103,3,0
POT,202,106,3:46:28 PM,0,103,3,0
POT,202,106,3:46:29 PM,0,104,3,1
POT,202,106,3:48:17 PM,0,104,3,0
POT,202,106,3:48:34 PM,0,104,3,0
POT,202,106,3:48:38 PM,0,104,3,0
POT,202,106,3:48:42 PM,0,104,3,0
POT,202,106,3:48:43 PM,0,104,3,0
POT,202,106,3:48:46 PM,0,104,3,0
POT,202,106,3:48:47 PM,0,104,3,0
POT,202,106,3:49:00 PM,0,104,3,0
POT,202,106,3:49:04 PM,0,104,3,0
POT,202,106,3:49:06 PM,0,104,3,0
POT,202,106,3:49:26 PM,0,104,3,0
POT,202,106,3:49:35 PM,0,104,3,0
POT,202,106,3:49:46 PM,0,105,3,0
POT,202,106,3:50:02 PM,0,105,3,0
POT,202,106,3:50:52 PM,0,105,3,0
POT,202,106,3:50:55 PM,0,105,3,0
POT,202,106,3:50:57 PM,0,105,3,0
POT,202,106,3:50:59 PM,0,105,3,0
POT,202,106,3:51:00 PM,0,105,3,0
POT,202,106,3:51:02 PM,0,105,3,0
POT,202,106,3:51:05 PM,0,105,3,0
POT,202,106,3:51:06 PM,600,105,3,0
POT,202,106,3:51:08 PM,601,106,3,0
POT,202,106,3:53:39 PM,0,106,3,0
POT,202,106,3:53:40 PM,0,106,3,0
POT,202,106,3:53:45 PM,0,106,3,0
POT,202,106,3:53:49 PM,0,106,3,0
POT,202,106,3:53:50 PM,0,106,3,0
POT,202,106,3:53:56 PM,0,106,3,0
POT,202,106,3:53:58 PM,0,106,3,0
POT,202,106,3:53:59 PM,0,106,3,0
POT,202,106,3:54:01 PM,0,106,3,0
POT,202,106,3:54:02 PM,0,106,3,0
POT,202,106,3:54:04 PM,0,106,3,0
POT,202,106,3:54:07 PM,0,106,3,0
POT,202,106,3:54:08 PM,0,106,3,0
POT,202,106,3:54:09 PM,0,107,3,0
POT,202,106,3:55:56 PM,0,107,3,0
POT,202,106,3:56:00 PM,0,107,3,0
POT,202,106,3:56:03 PM,0,107,3,0
POT,202,106,3:56:16 PM,0,107,3,0
POT,202,106,3:56:18 PM,0,107,3,0
POT,202,106,3:56:19 PM,0,108,5,0
POT,202,106,3:57:59 PM,0,108,3,0
POT,202,106,3:58:00 PM,0,108,3,0
POT,202,106,3:58:01 PM,0,108,3,0
POT,202,106,3:58:02 PM,0,108,3,0
POT,202,106,3:58:04 PM,0,108,3,0
POT,202,106,3:58:08 PM,0,108,3,0
POT,202,106,3:58:10 PM,0,108,3,0
POT,202,106,3:58:14 PM,0,108,3,0
POT,202,106,3:58:18 PM,0,108,3,0
POT,202,106,3:58:20 PM,0,108,3,0
POT,202,106,3:58:36 PM,0,108,3,0
POT,202,106,3:58:55 PM,0,108,3,0
POT,202,106,3:58:57 PM,0,109,3,0
POT,202,106,4:00:24 PM,0,109,3,0
POT,202,106,4:00:25 PM,0,109,3,0
POT,202,106,4:00:38 PM,0,109,3,0
POT,202,106,4:00:40 PM,0,109,3,0
POT,202,106,4:00:41 PM,0,109,3,0
POT,202,106,4:00:44 PM,0,109,3,0
POT,202,106,4:00:49 PM,0,109,3,0
POT,202,106,4:00:50 PM,0,109,3,0
POT,202,106,4:00:51 PM,0,109,3,0
POT,202,106,4:00:52 PM,0,109,3,0
POT,202,106,4:01:09 PM,601,110,3,0
POT,202,106,4:02:03 PM,0,110,3,0
POT,202,106,4:02:04 PM,0,110,3,0
POT,202,106,4:02:05 PM,0,110,3,0
POT,202,106,4:02:08 PM,0,110,7,0
POT,202,106,4:02:09 PM,0,110,3,0
POT,202,106,4:02:12 PM,0,110,3,0
POT,202,106,4:02:13 PM,0,110,3,0
POT,202,106,4:02:15 PM,0,110,3,0
POT,202,106,4:02:41 PM,0,110,3,0
POT,202,106,4:02:51 PM,0,110,3,0
POT,202,106,4:02:52 PM,0,111,3,0
POT,202,106,4:03:29 PM,0,111,3,0
POT,202,106,4:03:30 PM,0,111,3,0
POT,202,106,4:03:31 PM,0,111,3,0
POT,202,106,4:04:15 PM,0,112,3,1
POT,202,106,4:06:57 PM,0,112,3,0
POT,202,106,4:07:18 PM,0,112,3,0
POT,202,106,4:07:19 PM,0,112,3,0
POT,202,106,4:07:20 PM,0,112,3,0
POT,202,106,4:07:28 PM,0,113,3,0
POT,202,106,4:08:28 PM,0,113,3,0
POT,202,106,4:08:29 PM,0,113,3,0
POT,202,106,4:08:30 PM,0,113,3,0
POT,202,106,4:08:31 PM,0,113,3,0
POT,202,106,4:08:32 PM,0,113,3,0
POT,202,106,4:08:33 PM,0,113,3,0
POT,202,106,4:08:35 PM,0,113,3,0
POT,202,106,4:08:36 PM,0,113,3,0
POT,202,106,4:08:37 PM,0,113,3,0
POT,202,106,4:08:38 PM,0,113,3,0
POT,202,106,4:08:39 PM,0,113,3,0
POT,202,106,4:08:40 PM,0,113,3,0
POT,202,106,4:08:42 PM,0,113,3,0
POT,202,106,4:08:43 PM,0,113,3,0
POT,202,106,4:09:00 PM,0,113,3,0
POT,202,106,4:09:07 PM,0,113,3,0
POT,202,106,4:09:09 PM,0,113,3,0
POT,202,106,4:09:10 PM,0,114,3,0
POT,202,106,4:10:25 PM,0,114,3,0
POT,202,106,4:10:26 PM,0,114,3,0
POT,202,106,4:10:27 PM,0,114,3,0
POT,202,106,4:10:28 PM,0,114,3,0
POT,202,106,4:10:31 PM,0,114,3,0
POT,202,106,4:10:32 PM,0,114,3,0
POT,202,106,4:10:37 PM,0,114,3,0
POT,202,106,4:10:39 PM,0,114,3,0
POT,202,106,4:10:45 PM,0,114,3,0
POT,202,106,4:10:49 PM,0,114,3,0
POT,202,106,4:10:50 PM,0,114,3,0
POT,202,106,4:11:06 PM,0,114,3,0
POT,202,106,4:11:07 PM,0,114,5,0
POT,202,106,4:11:09 PM,603,115,3,1
POT,202,106,4:13:25 PM,0,115,3,0
POT,202,106,4:13:42 PM,0,115,3,0
POT,202,106,4:13:51 PM,0,115,3,0
POT,202,106,4:13:53 PM,0,115,3,0
POT,202,106,4:13:54 PM,0,115,3,0
POT,202,106,4:13:56 PM,0,115,3,0
POT,202,106,4:13:57 PM,0,115,3,0
POT,202,106,4:14:09 PM,0,116,3,0
POT,202,106,4:14:53 PM,0,116,3,0
POT,202,106,4:14:55 PM,0,116,3,0
POT,202,106,4:14:57 PM,0,116,3,0
POT,202,106,4:14:58 PM,0,116,3,0
POT,202,106,4:15:00 PM,0,116,3,0
POT,202,106,4:15:02 PM,0,116,3,0
POT,202,106,4:15:03 PM,0,116,3,0
POT,202,106,4:15:04 PM,0,116,3,0
POT,202,106,4:15:05 PM,0,116,3,0
POT,202,106,4:15:07 PM,0,116,3,0
POT,202,106,4:15:08 PM,0,116,3,0
POT,202,106,4:15:10 PM,0,116,3,0
POT,202,106,4:15:11 PM,0,116,3,0
POT,202,106,4:15:15 PM,0,117,3,1
POT,202,106,4:15:59 PM,0,117,3,1
POT,202,106,4:16:19 PM,0,117,3,0
POT,202,106,4:16:46 PM,0,117,3,0
POT,202,106,4:16:47 PM,0,117,3,0
POT,202,106,4:16:48 PM,0,117,3,0
POT,202,106,4:16:50 PM,0,117,3,0
POT,202,106,4:17:03 PM,0,117,3,0
POT,202,106,4:17:05 PM,0,117,3,0
POT,202,106,4:17:26 PM,0,117,3,0
POT,202,106,4:17:27 PM,0,117,3,0
POT,202,106,4:18:42 PM,0,118,3,1
POT,202,106,4:19:03 PM,0,118,3,0
POT,202,106,4:19:30 PM,0,118,3,0
POT,202,106,4:19:51 PM,0,118,3,0
POT,202,106,4:19:52 PM,0,118,3,0
POT,202,106,4:19:54 PM,0,118,3,0
POT,202,106,4:19:55 PM,0,118,3,0
POT,202,106,4:19:57 PM,0,118,3,0
POT,202,106,4:19:58 PM,0,119,3,1
POT,202,106,4:20:23 PM,0,119,7,0
POT,202,106,4:20:41 PM,0,119,3,0
POT,202,106,4:20:48 PM,0,119,3,0
POT,202,106,4:20:52 PM,601,120,3,0
POT,202,106,4:22:31 PM,0,120,3,0
POT,202,106,4:22:34 PM,0,120,3,0
POT,202,106,4:22:53 PM,0,120,3,0
POT,202,106,4:22:54 PM,0,120,3,0
POT,202,106,4:22:55 PM,0,120,3,0
POT,202,106,4:23:03 PM,0,120,3,0
POT,202,106,4:23:04 PM,0,120,3,0
POT,202,106,4:23:05 PM,0,120,3,0
POT,202,106,4:23:09 PM,0,120,3,0
POT,202,106,4:23:20 PM,0,120,3,0
POT,202,106,4:23:22 PM,0,120,3,0
POT,202,106,4:23:23 PM,0,120,3,0
POT,202,106,4:23:48 PM,0,121,3,1
POT,202,106,4:27:10 PM,0,121,3,0
POT,202,106,4:27:27 PM,0,121,3,0
POT,202,106,4:28:04 PM,0,121,3,0
POT,202,106,4:28:06 PM,0,121,3,0
POT,202,106,4:28:07 PM,0,121,3,0
POT,202,106,4:28:17 PM,0,121,3,0
POT,202,106,4:28:21 PM,0,121,3,0
POT,202,106,4:28:23 PM,0,121,3,0
POT,202,106,4:28:25 PM,0,121,3,0
POT,202,106,4:28:32 PM,0,121,3,0
POT,202,106,4:28:33 PM,0,121,3,0
POT,202,106,4:28:34 PM,0,121,3,0
POT,202,106,4:28:37 PM,0,121,3,0
POT,202,106,4:28:38 PM,0,121,3,0
POT,202,106,4:28:39 PM,0,121,3,0
POT,202,106,4:28:44 PM,0,121,3,0
POT,202,106,4:28:46 PM,0,121,3,0
POT,202,106,4:28:52 PM,0,122,3,0
POT,202,106,4:30:05 PM,0,122,3,0
POT,202,106,4:30:08 PM,0,123,3,0
POT,202,106,4:32:16 PM,0,123,3,0
POT,202,106,4:32:21 PM,0,123,3,0
POT,202,106,4:32:23 PM,0,123,3,0
POT,202,106,4:32:24 PM,0,123,3,0
POT,202,106,4:32:30 PM,0,123,3,0
POT,202,106,4:32:31 PM,0,123,3,0
POT,202,106,4:32:32 PM,0,123,3,0
POT,202,106,4:32:34 PM,0,123,3,0
POT,202,106,4:32:54 PM,0,123,3,0
POT,202,106,4:32:56 PM,0,123,3,0
POT,202,106,4:32:57 PM,0,124,3,0
POT,202,106,4:34:16 PM,0,124,3,0
POT,202,106,4:34:18 PM,0,124,3,0
POT,202,106,4:34:21 PM,0,124,3,0
POT,202,106,4:34:22 PM,0,124,3,0
POT,202,106,4:34:24 PM,0,124,3,0
POT,202,106,4:34:42 PM,0,124,3,0
POT,202,106,4:34:45 PM,606,125,3,1
POT,202,106,4:35:47 PM,0,125,3,0
POT,202,106,4:36:34 PM,0,125,3,0
POT,202,106,4:36:35 PM,0,125,3,0
POT,202,106,4:36:36 PM,0,125,3,0
POT,202,106,4:36:47 PM,0,125,3,0
POT,202,106,4:36:49 PM,0,125,3,0
POT,202,106,4:36:50 PM,0,125,3,0
POT,202,106,4:36:51 PM,0,125,3,0
POT,202,106,4:36:52 PM,0,125,3,0
POT,202,106,4:36:54 PM,0,125,3,0
POT,202,106,4:36:55 PM,0,125,3,0
POT,202,106,4:36:57 PM,0,125,3,0
POT,202,106,4:37:04 PM,0,125,3,0
POT,202,106,4:37:05 PM,0,125,3,0
POT,202,106,4:37:07 PM,0,125,3,0
POT,202,106,4:37:11 PM,0,126,3,1
POT,202,106,4:37:52 PM,0,126,3,0
POT,202,106,4:38:36 PM,0,126,3,0
POT,202,106,4:38:52 PM,0,126,3,0
POT,202,106,4:38:53 PM,0,126,3,0
POT,202,106,4:38:54 PM,0,126,3,0
POT,202,106,4:39:00 PM,0,126,3,0
POT,202,106,4:39:10 PM,0,126,3,0
POT,202,106,4:39:13 PM,0,126,3,0
POT,202,106,4:39:14 PM,0,127,3,1
POT,202,106,4:40:21 PM,0,127,3,1
POT,202,106,4:40:40 PM,0,127,3,0
POT,202,106,4:41:05 PM,0,127,3,0
POT,202,106,4:41:06 PM,0,127,3,0
POT,202,106,4:41:07 PM,0,127,3,0
POT,202,106,4:41:15 PM,0,127,3,0
POT,202,106,4:41:18 PM,0,127,3,0
POT,202,106,4:41:26 PM,0,127,3,0
POT,202,106,4:41:44 PM,0,128,3,0
POT,202,106,4:43:20 PM,0,128,3,0
POT,202,106,4:43:22 PM,0,128,3,0
POT,202,106,4:43:23 PM,0,128,3,0
POT,202,106,4:43:24 PM,0,128,3,0
POT,202,106,4:43:25 PM,0,128,3,0
POT,202,106,4:43:39 PM,0,129,3,0
POT,202,106,4:45:05 PM,0,129,3,0
POT,202,106,4:45:06 PM,0,129,3,0
POT,202,106,4:45:07 PM,0,129,5,0
POT,202,106,4:45:09 PM,0,129,3,0
POT,202,106,4:45:11 PM,0,129,3,0
POT,202,106,4:45:13 PM,0,129,3,0
POT,202,106,4:45:14 PM,0,129,3,0
POT,202,106,4:45:16 PM,0,129,3,0
POT,202,106,4:45:17 PM,0,129,3,0
POT,202,106,4:45:18 PM,0,129,3,0
POT,202,106,4:45:20 PM,0,129,3,0
POT,202,106,4:45:23 PM,0,129,3,0
POT,202,106,4:45:29 PM,0,129,3,0
POT,202,106,4:45:34 PM,610,130,3,0
POT,202,106,4:47:58 PM,0,130,3,0
POT,202,106,4:48:00 PM,0,130,3,0
POT,202,106,4:48:01 PM,0,130,3,0
POT,202,106,4:48:10 PM,0,130,3,0
POT,202,106,4:48:11 PM,0,131,3,0
POT,202,106,4:50:05 PM,0,131,3,0
POT,202,106,4:50:07 PM,0,131,3,0
POT,202,106,4:50:09 PM,0,131,3,0
POT,202,106,4:50:10 PM,0,131,3,0
POT,202,106,4:50:12 PM,0,131,3,0
POT,202,106,4:50:14 PM,0,131,3,0
POT,202,106,4:50:23 PM,0,131,3,0
POT,202,106,4:50:24 PM,0,131,3,0
POT,202,106,4:50:29 PM,0,131,3,0
POT,202,106,4:50:31 PM,0,131,3,0
POT,202,106,4:50:33 PM,0,131,3,0
POT,202,106,4:50:38 PM,0,131,3,0
POT,202,106,4:50:39 PM,0,131,3,0
POT,202,106,4:50:41 PM,0,132,3,0
POT,202,106,4:52:10 PM,0,132,3,0
POT,202,106,4:52:11 PM,0,132,3,0
POT,202,106,4:52:12 PM,0,132,3,0
POT,202,106,4:52:14 PM,0,132,3,0
POT,202,106,4:52:22 PM,0,132,3,0
POT,202,106,4:52:41 PM,0,132,3,0
POT,202,106,4:52:42 PM,0,132,3,0
POT,202,106,4:52:45 PM,0,132,3,0
POT,202,106,4:52:50 PM,0,132,3,0
POT,202,106,4:52:53 PM,0,133,3,1
POT,202,106,4:53:32 PM,0,133,5,0
POT,202,106,4:54:19 PM,0,133,3,0
POT,202,106,4:54:25 PM,0,133,3,0
POT,202,106,4:54:26 PM,0,133,3,0
POT,202,106,4:54:28 PM,0,133,3,0
POT,202,106,4:54:33 PM,0,133,3,0
POT,202,106,4:54:45 PM,0,133,3,0
POT,202,106,4:54:46 PM,0,133,3,0
POT,202,106,4:54:47 PM,0,133,3,0
POT,202,106,4:54:49 PM,0,133,3,0
POT,202,106,4:54:50 PM,0,134,3,0
POT,202,106,4:56:18 PM,0,134,3,0
POT,202,106,4:56:19 PM,0,134,3,0
POT,202,106,4:56:21 PM,0,134,3,0
POT,202,106,4:56:22 PM,0,134,3,0
POT,202,106,4:56:24 PM,0,134,3,0
POT,202,106,4:56:28 PM,616,135,3,1
POT,202,106,4:57:35 PM,0,135,3,1
POT,202,106,4:57:37 PM,0,135,3,0
POT,202,106,4:57:38 PM,0,135,3,0
POT,202,106,4:58:13 PM,0,136,3,1
POT,202,106,4:59:52 PM,0,136,3,0
POT,202,106,5:00:40 PM,0,136,3,0
POT,202,106,5:00:42 PM,0,136,5,0
POT,202,106,5:00:43 PM,0,136,3,0
POT,202,106,5:00:45 PM,0,136,3,0
POT,202,106,5:00:46 PM,0,136,3,0
POT,202,106,5:00:49 PM,0,136,3,0
POT,202,106,5:01:12 PM,0,136,9,0
POT,202,106,5:01:13 PM,0,136,3,0
POT,202,106,5:01:16 PM,0,136,3,0
POT,202,106,5:01:17 PM,0,136,3,0
POT,202,106,5:01:19 PM,0,136,3,0
POT,202,106,5:01:45 PM,0,136,3,0
POT,202,106,5:01:46 PM,0,136,3,0
POT,202,106,5:01:47 PM,0,137,3,0
POT,202,106,5:03:33 PM,0,137,3,0
POT,202,106,5:03:34 PM,0,137,3,0
POT,202,106,5:03:35 PM,0,137,3,0
POT,202,106,5:03:40 PM,0,137,3,0
POT,202,106,5:03:42 PM,0,138,3,0
POT,202,106,5:05:49 PM,0,138,3,0
POT,202,106,5:05:50 PM,0,138,3,0
POT,202,106,5:05:51 PM,0,138,3,0
POT,202,106,5:05:56 PM,0,138,3,0
POT,202,106,5:05:59 PM,0,138,3,0
POT,202,106,5:06:01 PM,0,138,3,0
POT,202,106,5:06:02 PM,0,138,3,0
POT,202,106,5:06:04 PM,0,138,3,0
POT,202,106,5:06:08 PM,0,138,3,0
POT,202,106,5:06:09 PM,0,138,3,0
POT,202,106,5:06:11 PM,0,138,3,0
POT,202,106,5:06:17 PM,0,138,3,0
POT,202,106,5:06:19 PM,0,138,3,0
POT,202,106,5:06:23 PM,0,138,3,0
POT,202,106,5:06:24 PM,0,138,3,0
POT,202,106,5:06:25 PM,0,138,3,0
POT,202,106,5:06:27 PM,0,138,3,0
POT,202,106,5:06:35 PM,0,138,3,0
POT,202,106,5:06:39 PM,0,138,3,0
POT,202,106,5:06:45 PM,0,138,3,0
POT,202,106,5:06:46 PM,0,138,3,0
POT,202,106,5:06:48 PM,0,138,3,0
POT,202,106,5:06:50 PM,0,139,3,1
POT,202,106,5:07:05 PM,0,139,3,0
POT,202,106,5:07:37 PM,0,139,3,0
POT,202,106,5:07:41 PM,0,139,3,0
POT,202,106,5:07:42 PM,0,139,3,0
POT,202,106,5:07:43 PM,0,139,3,0
POT,202,106,5:07:50 PM,0,139,3,0
POT,202,106,5:07:51 PM,0,139,3,0
POT,202,106,5:07:59 PM,0,139,3,0
POT,202,106,5:08:01 PM,0,139,3,0
POT,202,106,5:08:03 PM,0,139,3,0
POT,202,106,5:08:05 PM,0,139,3,0
POT,202,106,5:08:07 PM,0,139,3,0
POT,202,106,5:08:08 PM,0,139,3,0
POT,202,106,5:08:24 PM,0,139,3,0
POT,202,106,5:08:25 PM,0,139,3,0
POT,202,106,5:08:28 PM,0,139,3,0
POT,202,106,5:08:30 PM,0,139,3,0
POT,202,106,5:08:31 PM,623,140,3,0
POT,202,106,5:10:24 PM,0,140,3,0
POT,202,106,5:10:25 PM,0,140,3,0
POT,202,106,5:10:30 PM,0,140,3,0
POT,202,106,5:10:32 PM,0,140,3,0
POT,202,106,5:10:41 PM,0,141,3,0
POT,202,106,5:12:22 PM,0,141,3,0
POT,202,106,5:12:23 PM,0,141,3,0
POT,202,106,5:12:36 PM,0,141,3,0
POT,202,106,5:12:39 PM,0,141,3,0
POT,202,106,5:12:40 PM,0,141,3,0
POT,202,106,5:12:44 PM,0,141,3,0
POT,202,106,5:12:48 PM,0,141,3,0
POT,202,106,5:12:49 PM,0,141,3,0
POT,202,106,5:12:51 PM,0,141,3,0
POT,202,106,5:12:53 PM,0,141,3,0
POT,202,106,5:12:54 PM,0,141,3,0
POT,202,106,5:12:56 PM,0,141,3,0
POT,202,106,5:13:06 PM,0,142,3,0
POT,202,106,5:14:24 PM,0,142,3,0
POT,202,106,5:14:25 PM,0,142,3,0
POT,202,106,5:14:28 PM,0,142,3,0
POT,202,106,5:14:30 PM,0,142,3,0
POT,202,106,5:14:36 PM,0,142,3,0
POT,202,106,5:14:49 PM,0,143,5,0
POT,202,106,5:16:15 PM,0,143,3,0
POT,202,106,5:16:30 PM,0,143,3,0
POT,202,106,5:16:46 PM,0,143,3,0
POT,202,106,5:16:47 PM,0,143,3,0
POT,202,106,5:17:00 PM,0,144,5,0
POT,202,106,5:17:53 PM,0,144,3,0
POT,202,106,5:18:10 PM,629,145,3,0
POT,202,106,5:19:44 PM,0,145,3,0
POT,202,106,5:20:10 PM,0,146,3,0
POT,202,106,5:22:49 PM,0,146,3,0
POT,202,106,5:22:50 PM,0,146,3,0
POT,202,106,5:22:52 PM,0,146,3,0
POT,202,106,5:22:53 PM,0,146,3,0
POT,202,106,5:22:56 PM,0,146,3,0
POT,202,106,5:22:58 PM,0,146,3,0
POT,202,106,5:22:59 PM,0,146,3,0
POT,202,106,5:23:00 PM,0,146,3,0
POT,202,106,5:23:01 PM,0,146,3,0
POT,202,106,5:23:02 PM,0,146,3,0
POT,202,106,5:23:08 PM,0,146,3,0
POT,202,106,5:23:24 PM,0,146,3,0
POT,202,106,5:23:50 PM,0,146,3,0
POT,202,106,5:23:51 PM,0,147,3,0
POT,202,106,5:24:38 PM,0,147,3,0
POT,202,106,5:24:40 PM,0,147,3,0
POT,202,106,5:24:43 PM,0,147,3,0
POT,202,106,5:24:44 PM,0,147,3,0
POT,202,106,5:24:45 PM,0,147,3,0
POT,202,106,5:24:52 PM,0,147,3,0
POT,202,106,5:24:55 PM,0,147,3,0
POT,202,106,5:24:57 PM,0,147,3,0
POT,202,106,5:25:03 PM,0,147,3,0
POT,202,106,5:25:14 PM,0,147,3,0
POT,202,106,5:25:16 PM,0,147,3,0
POT,202,106,5:25:31 PM,0,148,1,0
POT,202,106,5:28:50 PM,0,149,3,0
POT,202,106,5:31:18 PM,0,149,3,0
POT,202,106,5:31:23 PM,0,149,3,0
POT,202,106,5:31:24 PM,0,149,3,0
POT,202,106,5:31:30 PM,0,149,3,0
POT,202,106,5:31:32 PM,0,149,3,0
POT,202,106,5:31:40 PM,0,149,3,0
POT,202,106,5:31:45 PM,634,150,3,0
POT,202,106,5:34:09 PM,0,150,3,0
POT,202,106,5:34:10 PM,0,151,3,0
POT,202,106,5:36:10 PM,0,151,3,0
POT,202,106,5:36:22 PM,0,151,3,0
POT,202,106,5:36:25 PM,0,151,3,0
POT,202,106,5:36:27 PM,0,151,3,0
POT,202,106,5:36:33 PM,0,151,3,0
POT,202,106,5:36:34 PM,0,151,3,0
POT,202,106,5:36:37 PM,0,151,3,0
POT,202,106,5:36:51 PM,0,151,3,0
POT,202,106,5:37:02 PM,0,152,3,0
POT,202,106,5:37:25 PM,0,152,3,0
POT,202,106,5:38:07 PM,0,152,3,0
POT,202,106,5:38:12 PM,0,152,3,0
POT,202,106,5:38:13 PM,0,152,5,0
POT,202,106,5:38:17 PM,0,152,3,0
POT,202,106,5:38:18 PM,0,152,3,0
POT,202,106,5:38:19 PM,0,152,3,0
POT,202,106,5:38:20 PM,0,152,3,0
POT,202,106,5:38:23 PM,0,152,3,0
POT,202,106,5:38:26 PM,0,152,3,0
POT,202,106,5:38:31 PM,0,152,3,0
POT,202,106,5:38:33 PM,0,152,3,0
POT,202,106,5:38:37 PM,0,152,3,0
POT,202,106,5:43:59 PM,0,153,3,0
POT,202,106,5:44:20 PM,0,153,3,0
POT,202,106,5:44:21 PM,0,153,3,0
POT,202,106,5:44:23 PM,0,153,3,0
POT,202,106,5:44:24 PM,0,153,3,0
POT,202,106,5:44:31 PM,0,153,3,0
POT,202,106,5:44:32 PM,0,153,3,0
POT,202,106,5:44:34 PM,0,153,3,0
POT,202,106,5:44:35 PM,0,154,3,0
POT,202,106,5:45:37 PM,0,154,3,0
POT,202,106,5:45:40 PM,0,154,3,0
POT,202,106,5:45:42 PM,638,155,3,0
POT,202,106,5:46:39 PM,0,155,3,0
POT,202,106,5:46:44 PM,0,156,3,1
POT,202,106,5:47:51 PM,0,156,3,0
POT,202,106,5:48:45 PM,0,156,3,0
POT,202,106,5:48:46 PM,0,156,3,0
POT,202,106,5:48:47 PM,0,156,3,0
POT,202,106,5:48:48 PM,0,156,3,0
POT,202,106,5:48:52 PM,0,156,3,0
POT,202,106,5:48:54 PM,0,156,3,0
POT,202,106,5:48:58 PM,0,156,3,0
POT,202,106,5:48:59 PM,0,156,3,0
POT,202,106,5:49:02 PM,0,156,5,0
POT,202,106,5:49:03 PM,0,156,3,0
POT,202,106,5:49:08 PM,0,156,3,0
POT,202,106,5:49:17 PM,0,156,3,0
POT,202,106,5:49:18 PM,0,156,3,0
POT,202,106,5:49:18 PM,0,156,5,0
POT,202,106,5:49:37 PM,0,156,3,0
POT,202,106,5:49:39 PM,0,157,1,0
POT,202,106,5:49:46 PM,0,158,3,1
POT,202,106,5:50:27 PM,0,158,3,0
POT,202,106,5:51:32 PM,0,158,3,0
POT,202,106,5:51:33 PM,0,158,3,0
POT,202,106,5:51:43 PM,0,158,3,0
POT,202,106,5:51:44 PM,0,158,3,0
POT,202,106,5:51:45 PM,0,159,3,0
POT,202,106,5:53:05 PM,0,159,3,0
POT,202,106,5:53:06 PM,0,159,3,0
POT,202,106,5:53:07 PM,0,159,3,0
POT,202,106,5:53:08 PM,0,159,3,0
POT,202,106,5:53:09 PM,0,159,3,0
POT,202,106,5:53:10 PM,0,159,3,0
POT,202,106,5:53:21 PM,0,159,3,0
POT,202,106,5:53:23 PM,0,159,3,0
POT,202,106,5:53:24 PM,0,159,3,0
POT,202,106,5:53:25 PM,0,159,3,0
POT,202,106,5:53:27 PM,0,159,3,0
POT,202,106,5:53:30 PM,0,159,3,0
POT,202,106,5:53:31 PM,0,159,3,0
POT,202,106,5:53:33 PM,640,160,3,1
POT,202,106,5:54:23 PM,0,160,3,0
POT,202,106,5:55:07 PM,0,160,3,0
POT,202,106,5:55:08 PM,0,160,3,0
POT,202,106,5:55:14 PM,0,160,3,0
POT,202,106,5:55:15 PM,0,160,3,0
POT,202,106,5:55:16 PM,0,160,3,0
POT,202,106,5:55:18 PM,0,161,3,0
POT,202,106,5:56:56 PM,0,161,3,0
POT,202,106,5:57:04 PM,0,161,3,0
POT,202,106,5:57:05 PM,0,161,3,0
POT,202,106,5:57:06 PM,0,161,3,0
POT,202,106,5:57:09 PM,0,161,3,0
POT,202,106,5:57:10 PM,0,161,3,0
POT,202,106,5:57:12 PM,0,161,3,0
POT,202,106,5:57:13 PM,0,161,3,0
POT,202,106,5:57:29 PM,0,161,3,0
POT,202,106,5:57:30 PM,0,161,3,0
POT,202,106,5:57:43 PM,0,162,3,0
POT,202,106,5:58:22 PM,0,162,3,0
POT,202,106,5:58:23 PM,0,162,3,0
POT,202,106,5:58:24 PM,0,162,3,0
POT,202,106,5:58:30 PM,0,162,3,0
POT,202,106,5:58:33 PM,0,162,3,0
POT,202,106,5:58:35 PM,0,162,3,0
POT,202,106,5:58:36 PM,0,163,5,0
POT,202,106,5:59:19 PM,0,163,3,0
POT,202,106,5:59:21 PM,0,163,3,0
POT,202,106,5:59:24 PM,0,163,3,0
POT,202,106,5:59:36 PM,0,164,3,0
POT,202,106,6:01:24 PM,0,164,3,0
POT,202,106,6:01:25 PM,0,164,3,0
POT,202,106,6:01:26 PM,640,165,9,0
POT,202,106,6:02:31 PM,0,165,3,0
POT,202,106,6:03:03 PM,0,165,3,0
POT,202,106,6:03:12 PM,0,165,3,0
POT,202,106,6:03:14 PM,0,165,3,0
POT,202,106,6:03:17 PM,0,165,3,0
POT,202,106,6:03:19 PM,0,165,3,0
POT,202,106,6:03:21 PM,0,165,3,0
POT,202,106,6:03:22 PM,0,165,5,0
POT,202,106,6:03:35 PM,0,166,3,0
POT,202,106,6:04:58 PM,0,166,3,0
POT,202,106,6:05:04 PM,0,166,3,0
POT,202,106,6:05:07 PM,0,166,3,0
POT,202,106,6:05:15 PM,0,166,3,0
POT,202,106,6:05:24 PM,0,167,3,1
POT,202,106,6:06:13 PM,0,167,3,0
POT,202,106,6:07:08 PM,0,167,3,0
POT,202,106,6:07:10 PM,0,167,3,0
POT,202,106,6:07:11 PM,0,168,3,1
POT,202,106,6:08:07 PM,0,168,3,0
POT,202,106,6:08:58 PM,0,168,3,0
POT,202,106,6:09:00 PM,0,168,3,0
POT,202,106,6:09:01 PM,0,168,3,0
POT,202,106,6:09:03 PM,0,168,3,0
POT,202,106,6:09:04 PM,0,168,3,0
POT,202,106,6:09:05 PM,0,168,3,0
POT,202,106,6:09:07 PM,0,168,3,0
POT,202,106,6:09:08 PM,0,168,3,0
POT,202,106,6:09:09 PM,0,168,3,0
POT,202,106,6:09:11 PM,0,168,3,0
POT,202,106,6:09:20 PM,0,169,3,0
POT,202,106,6:10:57 PM,0,169,3,0
POT,202,106,6:10:59 PM,0,169,3,0
POT,202,106,6:11:03 PM,0,169,3,0
POT,202,106,6:11:07 PM,0,169,3,0
POT,202,106,6:11:11 PM,0,169,3,0
POT,202,106,6:11:14 PM,0,169,3,0
POT,202,106,6:11:17 PM,0,169,3,0
POT,202,106,6:11:23 PM,0,169,3,0
POT,202,106,6:11:24 PM,644,170,3,1
POT,202,106,6:12:04 PM,0,170,3,0
POT,202,106,6:12:49 PM,0,170,3,0
POT,202,106,6:12:50 PM,0,170,3,0
POT,202,106,6:12:51 PM,0,170,3,0
POT,202,106,6:12:52 PM,0,170,3,0
POT,202,106,6:13:06 PM,0,170,3,0
POT,202,106,6:13:07 PM,0,170,3,0
POT,202,106,6:13:11 PM,0,170,3,0
POT,202,106,6:13:13 PM,0,170,3,0
POT,202,106,6:13:17 PM,0,170,3,0
POT,202,106,6:13:25 PM,0,170,3,0
POT,202,106,6:13:30 PM,0,171,3,1
POT,202,106,6:13:50 PM,0,171,3,0
POT,202,106,6:14:46 PM,0,171,3,0
POT,202,106,6:14:47 PM,0,171,3,0
POT,202,106,6:14:48 PM,0,171,3,0
POT,202,106,6:14:53 PM,0,171,3,0
POT,202,106,6:14:54 PM,0,171,3,0
POT,202,106,6:14:57 PM,0,171,3,0
POT,202,106,6:14:58 PM,0,171,3,0
POT,202,106,6:14:59 PM,0,171,3,0
POT,202,106,6:15:00 PM,0,171,3,0
POT,202,106,6:15:02 PM,0,171,3,0
POT,202,106,6:15:04 PM,0,172,66,0
POT,202,106,6:15:38 PM,0,172,3,0
POT,202,106,6:16:27 PM,0,172,3,0
POT,202,106,6:16:28 PM,0,173,3,1
POT,202,106,6:17:58 PM,0,173,3,0
POT,202,106,6:18:19 PM,0,173,3,0
POT,202,106,6:18:20 PM,0,173,3,0
POT,202,106,6:18:22 PM,0,173,3,0
POT,202,106,6:18:27 PM,0,173,3,0
POT,202,106,6:18:28 PM,0,173,3,0
POT,202,106,6:18:30 PM,0,173,3,0
POT,202,106,6:18:36 PM,0,173,3,0
POT,202,106,6:18:37 PM,0,173,3,0
POT,202,106,6:18:39 PM,0,173,3,0
POT,202,106,6:18:41 PM,0,173,3,0
POT,202,106,6:18:42 PM,0,173,3,0
POT,202,106,6:18:46 PM,0,173,3,0
POT,202,106,6:18:49 PM,0,173,3,0
POT,202,106,6:18:54 PM,0,174,3,0
POT,202,106,6:19:17 PM,0,174,3,0
POT,202,106,6:19:59 PM,0,174,3,0
POT,202,106,6:20:07 PM,0,174,5,0
POT,202,106,6:20:08 PM,0,174,3,0
POT,202,106,6:20:09 PM,0,174,3,0
POT,202,106,6:20:11 PM,0,174,3,0
POT,202,106,6:20:13 PM,0,174,3,0
POT,202,106,6:20:14 PM,0,174,3,0
POT,202,106,6:20:15 PM,0,174,3,0
POT,202,106,6:20:16 PM,0,174,3,0
POT,202,106,6:20:18 PM,0,174,3,0
POT,202,106,6:20:19 PM,0,174,3,0
POT,202,106,6:20:30 PM,0,174,3,0
POT,202,106,6:20:33 PM,0,174,3,0
POT,202,106,6:20:39 PM,0,174,3,0
POT,202,106,6:20:40 PM,0,174,3,0
POT,202,106,6:20:43 PM,643,175,19,0
POT,202,106,6:21:14 PM,0,175,3,0
POT,202,106,6:21:20 PM,0,175,3,1
POT,202,106,6:22:28 PM,0,175,3,0
POT,202,106,6:22:34 PM,0,175,5,0
POT,202,106,6:22:52 PM,0,175,3,0
POT,202,106,6:22:54 PM,0,175,3,0
POT,202,106,6:22:55 PM,0,175,3,0
POT,202,106,6:22:56 PM,0,175,3,0
POT,202,106,6:22:57 PM,0,175,3,0
POT,202,106,6:22:59 PM,0,175,3,0
POT,202,106,6:23:00 PM,0,175,3,0
POT,202,106,6:23:05 PM,0,176,19,0
POT,202,106,6:23:28 PM,0,176,3,0
POT,202,106,6:24:13 PM,0,176,5,0
POT,202,106,6:24:23 PM,0,176,3,0
POT,202,106,6:24:24 PM,0,176,3,0
POT,202,106,6:24:28 PM,0,177,19,0
POT,202,106,6:25:03 PM,0,177,3,0
POT,202,106,6:25:41 PM,0,177,3,0
POT,202,106,6:25:42 PM,0,177,3,0
POT,202,106,6:25:43 PM,0,177,3,0
POT,202,106,6:25:48 PM,0,177,3,0
POT,202,106,6:25:52 PM,0,177,3,0
POT,202,106,6:25:56 PM,0,177,3,0
POT,202,106,6:25:58 PM,0,177,3,0
POT,202,106,6:26:00 PM,0,177,3,0
POT,202,106,6:26:10 PM,0,177,3,0
POT,202,106,6:26:11 PM,0,177,3,0
POT,202,106,6:26:13 PM,0,177,3,0
POT,202,106,7:26:13 PM,0,178,19,0
POT,202,106,6:26:14 PM,0,178,3,0
POT,202,106,6:27:04 PM,0,178,3,0
POT,202,106,6:27:05 PM,0,178,3,0
POT,202,106,6:27:07 PM,0,178,3,0
POT,202,106,6:27:12 PM,0,178,3,0
POT,202,106,6:27:15 PM,0,178,3,0
POT,202,106,6:27:17 PM,0,178,3,0
POT,202,106,6:27:18 PM,0,178,3,0
POT,202,106,6:27:19 PM,0,178,3,0
POT,202,106,6:27:21 PM,0,179,19,0
POT,202,106,6:27:34 PM,0,179,5,0
POT,202,106,6:28:07 PM,0,179,3,0
POT,202,106,6:28:12 PM,0,179,3,0
POT,202,106,6:28:14 PM,0,179,3,0
POT,202,106,6:28:15 PM,0,179,3,0
POT,202,106,6:28:25 PM,649,180,3,0
POT,202,106,6:30:00 PM,0,180,3,0
POT,202,106,6:30:01 PM,0,180,3,0
POT,202,106,6:30:03 PM,0,180,3,0
POT,202,106,6:30:04 PM,0,180,3,0
POT,202,106,6:30:06 PM,0,180,19,0
POT,202,106,6:30:08 PM,0,180,3,0
POT,202,106,6:30:10 PM,0,180,3,0
POT,202,106,6:30:11 PM,0,180,3,0
POT,202,106,6:30:17 PM,0,180,3,0
POT,202,106,6:30:18 PM,0,180,3,0
POT,202,106,6:30:19 PM,651,180,3,0
